-- phpMyAdmin SQL Dump
-- version 4.0.10.18
-- https://www.phpmyadmin.net
--
-- Host: localhost:3306
-- Generation Time: May 31, 2017 at 05:35 AM
-- Server version: 5.6.35-cll-lve
-- PHP Version: 5.6.30

SET SQL_MODE = "NO_AUTO_VALUE_ON_ZERO";
SET time_zone = "+00:00";


/*!40101 SET @OLD_CHARACTER_SET_CLIENT=@@CHARACTER_SET_CLIENT */;
/*!40101 SET @OLD_CHARACTER_SET_RESULTS=@@CHARACTER_SET_RESULTS */;
/*!40101 SET @OLD_COLLATION_CONNECTION=@@COLLATION_CONNECTION */;
/*!40101 SET NAMES utf8 */;

--
-- Database: `jeevanacharya_cms`
--

-- --------------------------------------------------------

--
-- Table structure for table `sramcms_blocks`
--

CREATE TABLE IF NOT EXISTS `sramcms_blocks` (
  `id` int(11) NOT NULL AUTO_INCREMENT,
  `title` varchar(255) NOT NULL,
  `slug` varchar(255) NOT NULL,
  `is_mobile` tinyint(1) NOT NULL,
  `page` varchar(255) NOT NULL,
  `position` varchar(255) NOT NULL,
  `type` varchar(255) NOT NULL,
  `display` tinyint(2) NOT NULL DEFAULT '0',
  `is_active` tinyint(1) NOT NULL DEFAULT '1',
  `is_delete` tinyint(1) NOT NULL DEFAULT '0',
  `order` int(11) NOT NULL,
  `sort` tinyint(2) NOT NULL,
  `params` text NOT NULL,
  `created` datetime NOT NULL,
  `modified` datetime NOT NULL,
  PRIMARY KEY (`id`)
) ENGINE=InnoDB  DEFAULT CHARSET=utf8 AUTO_INCREMENT=45 ;

--
-- Dumping data for table `sramcms_blocks`
--

INSERT INTO `sramcms_blocks` (`id`, `title`, `slug`, `is_mobile`, `page`, `position`, `type`, `display`, `is_active`, `is_delete`, `order`, `sort`, `params`, `created`, `modified`) VALUES
(9, 'Mobile Menus', '', 0, 'all', 'site_header', 'menus', 0, 1, 0, 1, 0, '{"menu_group":"1","menus_views":"header","menus_templates":"headermenu","css_id":""}', '2017-03-25 13:57:18', '2017-03-25 13:57:18'),
(10, 'Desktop Menus', '', 0, 'all', 'site_header_desktop', 'menus', 0, 1, 0, 1, 0, '{"menu_group":"1","menus_views":"header","menus_templates":"leftmenusection","css_id":""}', '2017-03-25 13:58:04', '2017-03-25 13:58:04'),
(11, 'Latest Update', '', 0, 'index', 'site_latest', 'menus', 1, 1, 0, 1, 0, '{"menu_group":"8","menus_views":"latestupdate","menus_templates":"latestupdate","css_id":""}', '2017-03-25 13:58:44', '2017-03-25 13:58:44'),
(12, 'QUICK LINKS', '', 0, 'all', 'site_footer', 'menus', 0, 1, 0, 2, 0, '{"menu_group":"7","menus_views":"footer","menus_templates":"footermenu","css_id":""}', '2017-03-25 13:59:13', '2017-04-07 14:36:43'),
(13, 'CATEGORY', '', 0, 'all', 'site_footer', 'menus', 0, 1, 0, 3, 0, '{"menu_group":"10","menus_views":"footer","menus_templates":"footermenu","css_id":""}', '2017-03-25 14:08:50', '2017-04-07 14:36:56'),
(16, 'Jeevanacharya', '', 0, 'all', 'site_footer', 'textwidgets', 0, 1, 0, 1, 0, '{"text_content":"<div class=\\"col-lg-3 col-md-3 col-sm-3 col-xs-12 footer_section\\">\\r\\n<h3>JEEVANACHARYA<\\/h3>\\r\\n\\r\\n<p>Jeevanacharya is an embodiment of the almighty himself, who through his awakened self sees the almighty in all hence shows the right &lsquo;way of life&rsquo; to overcome misery or problems of all kinds. His personalized and meticulous approach towards remedial measures and selfless attitude has won him accolades and repute from all quarters of the globe.<\\/p>\\r\\n\\r\\n<div class=\\"col-xs-12 social\\">\\r\\n<h3>FOLLOW US ON<\\/h3>\\r\\n\\r\\n<ul>\\r\\n\\t<li class=\\"animated zoomIn\\"><a href=\\"https:\\/\\/www.facebook.com\\/Jeevanacharya-235493033525473\\/\\" target=\\"_blank\\"><i class=\\"fa fa-facebook\\"><span class=\\"hide_txt\\">--<\\/span><\\/i><\\/a><\\/li>\\r\\n\\t<li class=\\"animated zoomIn\\"><a href=\\"https:\\/\\/twitter.com\\/JeevanacharyaG \\" target=\\"_blank\\"><i class=\\"fa fa-twitter\\"><span class=\\"hide_txt\\">--<\\/span><\\/i><\\/a><\\/li>\\r\\n\\t<li class=\\"animated zoomIn\\"><a href=\\"https:\\/\\/plus.google.com\\/u\\/0\\/102139582797115011160\\" target=\\"_blank\\"><i class=\\"fa fa-google-plus\\"><span class=\\"hide_txt\\">--<\\/span><\\/i><\\/a><\\/li>\\r\\n\\t<li class=\\"animated zoomIn\\"><a href=\\"https:\\/\\/www.youtube.com\\/channel\\/UCeKGDBHBwHTfFQpWA8QcRgg \\" target=\\"_blank\\"><i class=\\"fa fa-youtube\\"><span class=\\"hide_txt\\">--<\\/span><\\/i><\\/a><\\/li>\\r\\n<\\/ul>\\r\\n<\\/div>\\r\\n<\\/div>\\r\\n","css_id":""}', '2017-03-25 14:14:46', '2017-04-04 06:49:12'),
(17, 'Twitter Feed', '', 0, 'all', 'site_footer', 'textwidgets', 0, 1, 0, 4, 0, '{"text_content":"<div class=\\"col-lg-3 col-md-3 col-sm-3 col-xs-12 footer_section3\\">\\r\\n<h3>TWITTER FEED<\\/h3>\\r\\n\\r\\n<div id=\\"twitter-widget-holder\\"><a class=\\"twitter-timeline\\" data-chrome=\\"transparent noscrollbar\\" data-tweet-limit=\\"10\\" data-widget-id=\\"852416011911307264\\" href=\\"https:\\/\\/twitter.com\\/JeevanacharyaG\\">Tweets about Jeevanacharya<\\/a><\\/div>\\r\\n<\\/div>\\r\\n","css_id":""}', '2017-03-25 14:15:46', '2017-04-28 10:42:21'),
(18, 'Copyright', '', 0, 'all', 'site_copyright', 'textwidgets', 0, 1, 0, 1, 0, '{"text_content":"<div class=\\"col-lg-12 col-md-12 col-sm-12 col-xs-12 copyright\\">\\r\\n<p>JEEVANACHARYA &copy; 2017. ALL RIGHT RESERVED<\\/p>\\r\\n<\\/div>\\r\\n","css_id":""}', '2017-03-25 14:20:46', '2017-03-25 14:20:46'),
(19, 'About Short Description Home Page', '', 0, 'index', 'content_left', 'textwidgets', 1, 1, 0, 1, 0, '{"text_content":"<div class=\\"col-lg-6 col-md-6 col-sm-6 col-xs-12\\">\\r\\n<h1><em>About Jeevanacharya<\\/em><\\/h1>\\r\\n\\r\\n<p><strong>Shri Kumaran Swami Gurujee<\\/strong> is a Visionary and a spiritual leader, who dedicated himself to serve the mankind. With his uncommon spiritual gifts and extrasensory power he transforms his devotees spiritually, mentally and physically stronger, which over the years, have earned him worldwide fame and respect.When he travelled across the globe, he was able to see the sufferings of people and understood their problems with his unique instinct. He had mastered himself in studies of Jyotish and Vastu Shastra with his sharp analytical abilities.<\\/p>\\r\\n<a class=\\"read_buuton\\" href=\\"http:\\/\\/jeevanacharya.com\\/about-us\\/\\">READ MORE<\\/a><\\/div>\\r\\n","css_id":""}', '2017-03-25 14:30:29', '2017-04-27 09:35:20'),
(21, 'Newsletter Content', '', 0, 'all', 'content_newsletter', 'textwidgets', 0, 1, 1, 1, 0, '{"text_content":"<div class=\\"col-lg-6 col-md-6 col-sm-6 col-xs-12 news_content\\">\\r\\n<h3><em>JyotishSashtra<\\/em><\\/h3>\\r\\n\\r\\n<p>In Vedas, JyotishSashtra is descrided as <strong>&quot;third eye&quot;<\\/strong> in which there is an unification of all Tenses (Past, Present &amp; Future).<\\/p>\\r\\n\\r\\n<p>Therefore Jyotish may be regarded as <strong>&#39;Astrology&#39;<\\/strong>, We have certain rules, Principles etc and each and every step taken is very much systematic so, It is a science.Art is a way of doing work with experience and dexterity.<\\/p>\\r\\n<\\/div>\\r\\n","css_id":""}', '2017-03-25 14:37:58', '2017-04-07 16:04:02'),
(22, 'JyotishSashtra', '', 0, 'all', 'content_newsletter', 'textwidgets', 0, 1, 1, 2, 0, '{"text_content":"<div class=\\"col-lg-6 col-md-6 col-sm-12 col-xs-12\\"><img alt=\\"\\" src=\\"http:\\/\\/localhost\\/jeevanacharya\\/trunk\\/media\\/ckfinder\\/files\\/JyotishSashtraimg(1).jpg\\" style=\\"width: 100%; height: 279px;\\" \\/><\\/div>\\r\\n","css_id":""}', '2017-03-25 14:53:15', '2017-04-07 16:04:19'),
(24, 'Jeevanacharya Location', '', 0, 'index', 'content_left', 'textwidgets', 1, 0, 0, 2, 0, '{"text_content":"<div class=\\"col-lg-6 col-md-6 col-sm-6 col-xs-12 map_section pop_up\\">\\r\\n<h4>Jeevanacharya Location<\\/h4>\\r\\n<iframe allowfullscreen=\\"\\" frameborder=\\"0\\" height=\\"200\\" src=\\"https:\\/\\/www.google.com\\/maps\\/embed?pb=!1m18!1m12!1m3!1d30676638.056241818!2d64.43991442110328!3d20.18793007578521!2m3!1f0!2f0!3f0!3m2!1i1024!2i768!4f13.1!3m3!1m2!1s0x30635ff06b92b791%3A0xd78c4fa1854213a6!2sIndia!5e0!3m2!1sen!2sin!4v1487134429231\\" style=\\"border:0\\" width=\\"100%\\"><\\/iframe><\\/div>\\r\\n","css_id":""}', '2017-03-25 15:22:35', '2017-03-30 17:59:14'),
(25, 'Home Newsletter', '', 0, 'index', 'content_newsletter', 'newsletter', 1, 1, 1, 3, 0, '{"newsletter_view":"newsletter","newsletter_title":"News Letter","newsletter_subtitle":"Enter your email for updates about news in Axemplate","newsletter_email":"info@jeevanacharya.com","newsletter_icon":"show","css_id":""}', '2017-03-25 15:43:07', '2017-03-25 15:45:22'),
(26, 'News Letter Subscriptions', '', 0, 'all', 'content_newsletter', 'newsletter', 0, 1, 0, 3, 0, '{"newsletter_view":"newsletter","newsletter_title":"News Letter Subscriptions","newsletter_subtitle":"Let''s stay in touch. Subscribe to our newsletter to get the weekly updates of Swamiji \\u2018s Programes, Events.","newsletter_email":"info@jeevanacharya.com","newsletter_icon":"show","newsletter_button":"Subscribe","css_id":""}', '2017-03-25 15:46:30', '2017-04-07 17:39:08'),
(27, 'Breadcrumbs', '', 0, 'all', 'inner_top', 'breadcrumbs', 0, 1, 0, 1, 0, '{"cms_type":["1","2","3","4","5","6","7"],"css_id":""}', '2017-03-27 11:02:21', '2017-03-27 11:24:38'),
(28, 'Home Wayoflife', '', 0, 'index', 'way_circle', 'wayoflife', 1, 1, 0, 1, 0, '{"wayoflife_view":"wayoflife","css_id":""}', '2017-03-27 15:00:12', '2017-03-27 15:00:12'),
(29, 'Wayoflife', '', 0, '2', 'inner_bottom', 'wayoflife', 1, 1, 1, 1, 0, '{"wayoflife_view":"inner_wayoflife","css_id":""}', '2017-03-27 15:01:12', '2017-04-13 13:49:58'),
(30, 'Contact Forms', '', 0, '7', 'inner_right', 'contactforms', 1, 1, 0, 1, 0, '{"css_id":""}', '2017-03-27 15:52:26', '2017-03-27 15:52:26'),
(31, 'JEEVANACHARYA – ANCIENT HANDWRITTEN RAVAN SANHITA', '', 0, '6', 'inner_bottom', 'textwidgets', 1, 0, 0, 2, 0, '{"text_content":"<div class=\\"ashram_footer\\">\\r\\n<div class=\\"container\\">\\r\\n<div class=\\"row\\">\\r\\n<div class=\\"col-lg-12 col-md-12 col-sm-12 col-xs-12 ashram_sec\\">\\r\\n<div class=\\"col-lg-4 col-md-6 col-sm-6 col-xs-12\\"><img alt=\\"ravansanhita\\" src=\\"http:\\/\\/jeevanacharya.com\\/media\\/ckfinder\\/files\\/ravan_sanhita.png\\" \\/><\\/div>\\r\\n\\r\\n<div class=\\"col-lg-8 col-md-6 col-sm-6 col-xs-12 ashram_section1\\">\\r\\n<h3>JEEVANACHARYA &ndash; ANCIENT HANDWRITTEN RAVAN SANHITA<\\/h3>\\r\\n\\r\\n<p>Jeevanacharya hails the ancient handwritten scripture called Ravan Sanhita that talks about the various facets of astrology and tantric practices honed by Ravana &ndash; the demon king who ruled lanka as mentioned in the great epic &ldquo;Ramayana&rdquo;. Gurujee&rsquo;s positive thinking and approach sees the key points and wisdom the scripture offers for instilling and fortifying the confidence and performance of the masses. Click on the link to know more.<\\/p>\\r\\n<\\/div>\\r\\n<\\/div>\\r\\n<\\/div>\\r\\n<\\/div>\\r\\n<\\/div>\\r\\n\\r\\n<div class=\\"line_content\\">\\r\\n<hr \\/><\\/div>\\r\\n","css_id":""}', '2017-03-27 15:58:47', '2017-04-08 12:56:16'),
(32, 'Wayoflife Bottom Content', '', 0, '2', 'inner_bottom', 'textwidgets', 1, 1, 1, 2, 0, '{"text_content":"<div class=\\"header1\\">\\r\\n<div class=\\"container\\">\\r\\n<div class=\\"row\\">\\r\\n<div class=\\"col-lg-6 para1\\">\\r\\n<p>For better understanding of this concept, jeevanacharya breaks down &ldquo;way of life&rdquo; into simpler components as Body, mind and Soul where &lsquo;body&rsquo; is termed as the vehicle for the &lsquo;soul&rsquo; that lives forever and &lsquo;mind&rsquo; as the driver of the vehicle. Though these are termed as different entities they are intertwined with each other and are influenced by past karmas and five boodhs viz Fire, Ether, Air, Water and Earth. Accordingly a person is born under any one of the twelve zodiac signs, each with its unique strengths and weaknesses having specific desires, traits and attitudes based on the four elements they belong to.<\\/p>\\r\\n\\r\\n<p>Most of the time our precious body is either under-utilized or over-utilized and often end up spoiling it. Not many understand the need to eat properly, take rest and stay in shape because only a healthy body can serve as a place for a healthy soul to reside in.<\\/p>\\r\\n<\\/div>\\r\\n\\r\\n<div class=\\"col-lg-6 para2\\">\\r\\n<p>Hitting a gym, walking or doing stretches might not produce optimum results because modern exercising techniques do not involve the soul with the body, whereas our yogic stances and Mudras can. The same way the soul and the mind too are not nurtured the right way hence lot of complications arises related to business, marriage, health or career. Whatever it might be, jeevanacharya offers his guidance in the form of yoga and mudras for body related problems, pranayama and meditation for mind related issues and karmic insights and blessings for soul related issues. Having spent more than a decade in the Himalayas, jeevanacharya analyses a person based on the zodiac sign he or she is born in and provides solutions so that they can focus their energies towards positivity and understand their potential to the fullest extent.<\\/p>\\r\\n<\\/div>\\r\\n<\\/div>\\r\\n<\\/div>\\r\\n<\\/div>\\r\\n","css_id":""}', '2017-03-27 16:15:05', '2017-04-13 13:51:06'),
(34, 'Chakra Circle', '', 0, '9', 'inner_bottom', 'chakra', 1, 1, 0, 1, 0, '{"css_id":""}', '2017-03-28 07:44:30', '2017-04-08 11:40:06'),
(35, 'Jeevanacharya Album', '', 0, '5', 'inner_bottom', 'gallery', 1, 1, 0, 1, 0, '{"gallery_view":"gallery_slider_one","css_id":""}', '2017-03-28 11:22:17', '2017-04-10 13:42:10'),
(36, 'Message Of The Day', '', 0, 'index', 'content_left', 'photooftheday', 1, 1, 0, 1, 0, '{"css_id":""}', '2017-03-30 18:54:06', '2017-03-30 18:54:06'),
(37, 'Block Details', '', 0, '11', 'inner_bottom', 'blog', 1, 1, 0, 1, 0, '{"blog_view":"blog_one","css_id":""}', '2017-04-07 14:23:48', '2017-04-07 14:31:47'),
(38, 'Home Bottom Content', '', 0, 'index', 'content_middle', 'textwidgets', 1, 1, 1, 2, 0, '{"text_content":"<div class=\\"news_letter\\">\\r\\n<div class=\\"col-lg-6 col-md-6 col-sm-6 col-xs-12 news_content\\">\\r\\n<h3><em>JyotishSashtra<\\/em><\\/h3>\\r\\n\\r\\n<p>In Vedas, JyotishSashtra is descrided as <strong>&quot;third eye&quot;<\\/strong> in which there is an unification of all Tenses (Past, Present &amp; Future).<\\/p>\\r\\n&nbsp;\\r\\n\\r\\n<p>Therefore Jyotish may be regarded as <strong>&#39;Astrology&#39;<\\/strong>, We have certain rules, Principles etc and each and every step taken is very much systematic so, It is a science.Art is a way of doing work with experience and dexterity.<\\/p>\\r\\n<\\/div>\\r\\n\\r\\n<div class=\\"col-lg-6 col-md-6 col-sm-6 col-xs-12\\"><img alt=\\"JyotishSashtra\\" class=\\"img-thumbnail\\" src=\\"http:\\/\\/localhost\\/jeevanacharya\\/trunk\\/media\\/ckfinder\\/files\\/JyotishSashtraimg.jpg\\" \\/><\\/div>\\r\\n<\\/div>\\r\\n","css_id":""}', '2017-04-07 15:45:02', '2017-04-07 15:47:26'),
(39, 'Home Bottom Details', '', 0, 'index', 'content_newsletter', 'textwidgets', 1, 1, 1, 1, 0, '{"text_content":"<div class=\\"news_letter\\">\\r\\n<div class=\\"col-lg-6 col-md-6 col-sm-6 col-xs-12 news_content\\">\\r\\n<h3><em>JyotishSashtra<\\/em><\\/h3>\\r\\n\\r\\n<p>In Vedas, JyotishSashtra is descrided as <strong>&quot;third eye&quot;<\\/strong> in which there is an unification of all Tenses (Past, Present &amp; Future).<\\/p>\\r\\n\\r\\n<p>Therefore Jyotish may be regarded as <strong>&#39;Astrology&#39;<\\/strong>, We have certain rules, Principles etc and each and every step taken is very much systematic so, It is a science.Art is a way of doing work with experience and dexterity.<\\/p>\\r\\n<\\/div>\\r\\n<\\/div>\\r\\n","css_id":""}', '2017-04-07 15:46:48', '2017-04-07 15:49:08'),
(40, 'Home Bottom Details', '', 0, 'index', 'way_circle', 'textwidgets', 1, 1, 0, 2, 0, '{"text_content":"<div class=\\"news_letter\\">\\r\\n<div class=\\"container\\">\\r\\n<div class=\\"row\\">\\r\\n<div class=\\"col-lg-6 col-md-6 col-sm-6 col-xs-12 news_content\\">\\r\\n<h3><em>JyotishSashtra<\\/em><\\/h3>\\r\\n\\r\\n<p>In Vedas, JyotishSashtra is descrided as <strong>&quot;third eye&quot;<\\/strong> in which there is an unification of all Tenses (Past, Present &amp; Future).<\\/p>\\r\\n&nbsp;\\r\\n\\r\\n<p>Therefore Jyotish may be regarded as <strong>&#39;Astrology&#39;<\\/strong>, We have certain rules, Principles etc and each and every step taken is very much systematic so, It is a science.Art is a way of doing work with experience and dexterity.<\\/p>\\r\\n<\\/div>\\r\\n\\r\\n<div class=\\"col-lg-6 col-md-6 col-sm-6 col-xs-12\\"><img alt=\\"JyotishSashtra\\" class=\\"img-thumbnail\\" src=\\"http:\\/\\/jeevanacharya.com\\/media\\/ckfinder\\/files\\/JyotishSashtraimg.jpg\\" style=\\"width:100%;\\" \\/><\\/div>\\r\\n<\\/div>\\r\\n<\\/div>\\r\\n<\\/div>\\r\\n","css_id":""}', '2017-04-07 16:05:10', '2017-04-07 16:46:14'),
(41, 'JyotishSashtra All pages', '', 0, 'all', 'inner_bottom', 'textwidgets', 0, 1, 0, 2, 0, '{"text_content":"<div class=\\"news_letter\\"> <div class=\\"container\\"> <div class=\\"row\\"> <div class=\\"col-lg-6 col-md-6 col-sm-6 col-xs-12 news_content\\"> <h3><em>JyotishSashtra<\\/em><\\/h3> <p>In Vedas, JyotishSashtra is descrided as <strong>\\"third eye\\"<\\/strong> in which there is an unification of all Tenses (Past, Present & Future).<\\/p> \\u00a0 <p>Therefore Jyotish may be regarded as <strong>''Astrology''<\\/strong>, We have certain rules, Principles etc and each and every step taken is very much systematic so, It is a science.Art is a way of doing work with experience and dexterity.<\\/p> <\\/div> <div class=\\"col-lg-6 col-md-6 col-sm-6 col-xs-12\\"><img alt=\\"JyotishSashtra\\" class=\\"img-thumbnail\\" src=\\"http:\\/\\/jeevanacharya.com\\/media\\/ckfinder\\/files\\/JyotishSashtraimg.jpg\\" style=\\"width:100%;\\" \\/><\\/div> <\\/div> <\\/div> <\\/div> ","css_id":""}', '2017-04-08 14:45:01', '2017-04-08 13:57:37'),
(42, 'Way of life chakra', '', 0, '2', 'inner_bottom', 'chakra', 1, 1, 0, 1, 0, '{"css_id":""}', '2017-04-13 13:50:38', '2017-04-13 13:50:38'),
(43, 'Discourse List', '', 0, '12', 'inner_bottom', 'discourse', 1, 1, 0, 1, 0, '{"discourse_view":"discourse_one","css_id":""}', '2017-04-18 13:59:52', '2017-04-18 13:59:52'),
(44, 'Deeksha', '', 0, '15', 'inner_bottom', 'deeksha', 1, 1, 0, 1, 0, '{"css_id":""}', '2017-05-13 13:06:43', '2017-05-13 13:06:43');

-- --------------------------------------------------------

--
-- Table structure for table `sramcms_blog`
--

CREATE TABLE IF NOT EXISTS `sramcms_blog` (
  `id` int(11) NOT NULL AUTO_INCREMENT,
  `blog_title` varchar(255) NOT NULL,
  `blog_slug` varchar(255) NOT NULL,
  `blog_shortdesc` varchar(255) NOT NULL,
  `blog_description` text NOT NULL,
  `blog_image` text NOT NULL,
  `author` varchar(255) NOT NULL,
  `is_active` tinyint(4) NOT NULL,
  `is_delete` tinyint(4) NOT NULL,
  `created` date NOT NULL,
  PRIMARY KEY (`id`)
) ENGINE=InnoDB  DEFAULT CHARSET=latin1 AUTO_INCREMENT=3 ;

--
-- Dumping data for table `sramcms_blog`
--

INSERT INTO `sramcms_blog` (`id`, `blog_title`, `blog_slug`, `blog_shortdesc`, `blog_description`, `blog_image`, `author`, `is_active`, `is_delete`, `created`) VALUES
(1, 'JEEVANACHARYA - JYOTISH &ADHYATMA KENDRA WPAJTRUST(REG.80G)', 'jeevanacharya-jyotish-adhyatma-kendra-wpajtrust-reg-80g', 'The WPAJT (World Peace & Adhyatma Jyotish Trust) works towards the betterment of humanity and global harmony. Its two pronged approach aimed at development and charitable activities has been a source of inspiration for many and therefore has been att', '<p>The WPAJT (World Peace &amp; Adhyatma Jyotish Trust) works towards the betterment of humanity and global harmony. Its two pronged approach aimed at development and charitable activities has been a source of inspiration for many and therefore has been attracting alms and financial assistance from like-minded corporate giants, individuals and celebrities. Located and effectively operating from Mumbai &ndash; the financial hub of India, this registered trust accepts generous financial support and offers tax exemption to all its contributors under the 80G clause.</p>\r\n', 'iy4IWGYwNzoD0m5vaQEZcbAUPT9n6OpuS7lRLKBjkxtJX81Hdg.png', 'Admin Master', 1, 1, '2017-04-27'),
(2, 'JEEVANACHARYA – ANCIENT HANDWRITTEN RAVAN SANHITA', 'jeevanacharya-ancient-handwritten-ravan-sanhita', 'Jeevanacharya hails the ancient handwritten scripture called Ravan Sanhita that talks about the various facets of astrology and tantric practices honed by Ravana – the demon king who ruled lanka as mentioned in the great epic “Ramayana”. Gurujee’s po', '<p>Jeevanacharya hails the ancient handwritten scripture called Ravan Sanhita that talks about the various facets of astrology and tantric practices honed by Ravana &ndash; the demon king who ruled lanka as mentioned in the great epic &ldquo;Ramayana&rdquo;. Gurujee&rsquo;s positive thinking and approach sees the key points and wisdom the scripture offers for instilling and fortifying the confidence and performance of the masses. Click on the link to know more.</p>\r\n', 'r8epB4gXbcPdCG7NuOzsywYfA51W0ThKvILnSVjHZQlE9oMi2t.png', 'Admin Master', 1, 1, '2017-04-27');

-- --------------------------------------------------------

--
-- Table structure for table `sramcms_cms_pages`
--

CREATE TABLE IF NOT EXISTS `sramcms_cms_pages` (
  `id` int(11) NOT NULL AUTO_INCREMENT,
  `page_title` varchar(255) NOT NULL,
  `page_slug` varchar(255) NOT NULL,
  `page_description` longtext NOT NULL,
  `page_image` varchar(255) NOT NULL,
  `page_meta_title` varchar(255) NOT NULL,
  `page_meta_keyword` varchar(255) NOT NULL,
  `page_meta_description` varchar(255) NOT NULL,
  `page_template` varchar(55) NOT NULL DEFAULT 'full-width',
  `is_active` tinyint(1) NOT NULL DEFAULT '1',
  `is_delete` tinyint(1) NOT NULL DEFAULT '0',
  `created` datetime NOT NULL,
  `created_ip` varchar(255) NOT NULL,
  `modified` datetime NOT NULL,
  `modified_ip` varchar(255) NOT NULL,
  PRIMARY KEY (`id`)
) ENGINE=InnoDB  DEFAULT CHARSET=latin1 AUTO_INCREMENT=16 ;

--
-- Dumping data for table `sramcms_cms_pages`
--

INSERT INTO `sramcms_cms_pages` (`id`, `page_title`, `page_slug`, `page_description`, `page_image`, `page_meta_title`, `page_meta_keyword`, `page_meta_description`, `page_template`, `is_active`, `is_delete`, `created`, `created_ip`, `modified`, `modified_ip`) VALUES
(1, 'About Us', 'about-us', '<div class="aboutus_section">\r\n<div class="container">\r\n<div class="row">\r\n<div class="col-lg-6 col-md-6 col-sm-6 col-xs-12 guru_aboutus">\r\n<h2><em>About Jeevanacharya</em></h2>\r\n\r\n<p>Jeevanacharya formerly known as Shri Kumaran Swami Gurujee is an eminent and charismatic personality with inborn spiritual abilities and wisdom using which he transforms his followers and devotees from ordinary souls to extra-ordinary ones; physically, mentally and spiritually to achieve acumen in their respective fields. He uses his mastery over ancient Indian scriptures, Vastu shastra, yoga, astrology, five boodhs and in-depth knowledge about the ways of the body, mind, soul and karma to analyze individuals thoroughly and in turn help them overcome their problems or hindrances with utmost precision. Over the years, his exceptional service to mankind has not only earned him popularity in India but also all over the globe.</p>\r\n</div>\r\n\r\n<div class="col-lg-6 col-md-6 col-sm-6 col-xs-12 about_img text-center"><i class="icon-lock" title="Jeevanacharya"><img alt="jevanacharya" src="http://jeevanacharya.com/media/ckfinder/files/smi.png" style="width: 452px; height: 548px;" /></i></div>\r\n</div>\r\n</div>\r\n</div>\r\n', 'About_Us-cms-about-us.jpg', 'Indian scriptures - Jeevanacharya | Shri Kumaran Swami', 'Shri Kumaran Swami, Jeevanacharya,  Indian scriptures, Vastu shastra', 'Jeevanacharya formerly known as Shri Kumaran Swami is an ancient Indian scriptures, Vastu shastra, yoga, astrology, five boodhs and in-depth knowledge.', 'full-width', 1, 0, '2017-03-25 13:44:00', '', '0000-00-00 00:00:00', ''),
(2, 'Way Of Life', 'way-of-life', '<div class="container way-of-life-main-content">\r\n<p>&ldquo;Life&rdquo; &ndash; What is it and how will you define it? Well, it is not as easy as you think because no one till date have understood how life came into being and what it is made of however we can comprehend that anything that is alive, moves, eats, breathes, uses energy, grows, reproduces, responds to the environment and gets rid of waste. In today&rsquo;s modern, quick paced environment, the actual purpose of life is lost and the focus of life has shifted from achieving significance to mere existence. We are engrossed in day-to-day tasks and head either towards power, money, fame, success and other material possessions. In this process we have forgotten that it is a gift by the creator that binds everyone with the universe and has to be utilized in a proper way before it is taken away.</p>\r\n</div>\r\n', 'Way_Of_Life-cms-way-of-life.jpg', 'Way Of Life - Body Mind and Soul | Jeevanacharya', 'way of life, Body Mind and Soul', 'Jeevanacharya breaks down “way of life” into simpler components as Body, Mind and Soul.', 'full-width', 1, 0, '2017-03-25 13:44:44', '', '0000-00-00 00:00:00', ''),
(3, 'Program', 'program', '<div class="program">\r\n<div class="container">\r\n<div class="row">\r\n<div class="col-lg-7 col-md-7 col-sm-7 col-xs-12 program_section">\r\n<h2>Jeevanacharya Program</h2>\r\n\r\n<p>Lorem ipsum dolor sit amet, consectetur adipisicing elit, sed do eiusmod tempor incididunt ut labore et dolore magna aliqua.</p>\r\n\r\n<h3>Swamiji-Travel Program</h3>\r\n\r\n<p>Tentative Tour Programme of Jeevanacharya, watch and get connected with his WAY OF LIFE</p>\r\n\r\n<div class="wrapper scrollbar-dynamic">\r\n<div class="bs-example">\r\n<table class="table table-bordered">\r\n	<thead>\r\n		<tr>\r\n			<th>S.No</th>\r\n			<th>Date</th>\r\n			<th>Program and Destination</th>\r\n		</tr>\r\n	</thead>\r\n	<tbody>\r\n		<tr>\r\n			<td>1</td>\r\n			<td>15-20 Jan 2017</td>\r\n			<td>2017-satsang-kualaumber,Malaysia</td>\r\n		</tr>\r\n		<tr>\r\n			<td>2</td>\r\n			<td>20-24 Jan 2017</td>\r\n			<td>Chennai-satsang on Ramayan</td>\r\n		</tr>\r\n		<tr>\r\n			<td>3</td>\r\n			<td>27-28 Feb 2017</td>\r\n			<td>Delhi-satsang on self Realisation</td>\r\n		</tr>\r\n		<tr>\r\n			<td>4</td>\r\n			<td>1-2 Apr 2017</td>\r\n			<td>A Life-Transforming weekend with Jeevanachrya</td>\r\n		</tr>\r\n		<tr>\r\n			<td>5</td>\r\n			<td>1-2 Apr 2017</td>\r\n			<td>A Life-Transforming weekend with Jeevanachrya</td>\r\n		</tr>\r\n	</tbody>\r\n</table>\r\n</div>\r\n</div>\r\n</div>\r\n\r\n<div class="col-lg-5 col-md-5 col-sm-5 col-xs-12 program_img"><i class="icon-lock" title="Jeevanacharya"><img alt="jeevanachrya" src="/assets/admin/js/ckfinder/userfiles/images/prg_guru.png" /></i></div>\r\n</div>\r\n</div>\r\n</div>\r\n\r\n<div class="line_content">\r\n<hr /></div>\r\n', 'Program-cms-Program.jpg', 'Jeevanacharya Tour Plan - Travel Program', 'Jeevanacharya Tour Plan, Jeevanacharya Travel Program', 'Tentative Tour Programme of Jeevanacharya, watch and get connected with his way of  life.', 'full-width', 1, 0, '2017-03-25 13:45:10', '', '0000-00-00 00:00:00', ''),
(4, 'Watch', 'watch', '<div class="watch_videos">\r\n<div class="container">\r\n<div class="row">\r\n<div class="col-lg-6 col-md-6 col-sm-6 col-xs-12 watch_section">\r\n<h2>Jeevanacharya Video&#39;s</h2>\r\n\r\n<p>Lorem Ipsum is simply dummy text of the printing and typesetting industry.It is a long established fact that a reader will be distracted</p>\r\n<iframe allowfullscreen="" class="frame_video" frameborder="0" height="350" src="https://www.youtube.com/embed/IJhAlI3cO18" width="500"></iframe>\r\n\r\n<div class="col-xs-12 watch_table">\r\n<div class="bs-example">\r\n<table class="table table-bordered table-striped">\r\n	<thead class="thead_inverse" style="background-color: #cecece;">\r\n		<tr>\r\n			<th>S.No</th>\r\n			<th>Swamiji Satsang And Interview Videos</th>\r\n		</tr>\r\n	</thead>\r\n	<tbody>\r\n		<tr>\r\n			<td>1</td>\r\n			<td>Jeevanachrya-Visit Malaysia-2017 Videos</td>\r\n		</tr>\r\n		<tr>\r\n			<td>2</td>\r\n			<td>Jeevanacharya-Visit Singapore-2015 Videos</td>\r\n		</tr>\r\n		<tr>\r\n			<td>3</td>\r\n			<td>Jeevanacharya-Visit Chennai-2016 Videos</td>\r\n		</tr>\r\n		<tr>\r\n			<td>4</td>\r\n			<td>Jeevanacharya-Visit Satsang Delhi-2015 Videos</td>\r\n		</tr>\r\n		<tr>\r\n			<td>5</td>\r\n			<td>Jeevanachrya-Visit Malaysia-2017 Videos</td>\r\n		</tr>\r\n	</tbody>\r\n</table>\r\n</div>\r\n</div>\r\n</div>\r\n\r\n<div class="col-lg-6 col-md-6 col-sm-6 col-xs-12 watch_img pop_up"><i class="icon-lock" title="Jeevanacharya"><img alt="jeevanachrya" src="/assets/admin/js/ckfinder/userfiles/images/guru_watch.png" /></i>\r\n\r\n<h3>Location</h3>\r\n<button class="btn btn-primary" data-target="#myModal1" data-toggle="modal" type="button">Get your Appointment</button>\r\n\r\n<div id="map_iframe" style="height: 320px;">&nbsp;</div>\r\n\r\n<div aria-hidden="true" aria-labelledby="exampleModalLabel" class="modal fade col-xs-12" id="myModal1" role="dialog" tabindex="-1">\r\n<div class="modal-dialog modal-md" role="dialog">\r\n<div class="modal-content">\r\n<div class="modal-header">\r\n<h3 class="modal-title">GET SWAMIJI APPOINTMENT</h3>\r\n<button aria-label="Close" class="close" data-dismiss="modal" type="button"><span aria-hidden="true">&times;</span></button></div>\r\n\r\n<div class="modal-body">\r\n<p>Take the simple yet life-changing step by filling up and submitting the appointment form given below. May the grace of Jeevanacharya fall upon you and help you stay connected with his glory.</p>\r\n\r\n<h5>Appointment Form</h5>\r\n\r\n<form action="gurujee_form.php" class="form-horizontal" id="contact_form" method="post" name="contact_form">\r\n<div class="form-group"><label class="col-xs-4 control-label">First name </label>\r\n\r\n<div class="col-xs-6"><input class="form-control" id="firstname" name="firstname" placeholder="First name" type="text" /></div>\r\n</div>\r\n\r\n<div class="form-group"><label class="col-xs-4 control-label">Email </label>\r\n\r\n<div class="col-xs-6"><input class="form-control" id="email" name="email" placeholder="Email" type="text" /></div>\r\n</div>\r\n\r\n<div class="form-group"><label class="col-xs-4 control-label">Phone number</label>\r\n\r\n<div class="col-xs-6"><input class="form-control" id="phonenumber" name="phonenumber" placeholder="Phonenumber" type="text" /></div>\r\n</div>\r\n\r\n<div class="form-group"><label class="col-xs-4 control-label">Appointment date</label>\r\n\r\n<div class="col-xs-6 dateContainer">\r\n<div class="input-group date" id="datetimepicker"><input class="form-control" name="dob" placeholder="MM/DD/YYYY h:m A" type="text" /></div>\r\n</div>\r\n</div>\r\n\r\n<div class="form-group"><label class="col-xs-4 control-label">Purpose of Appointment</label>\r\n\r\n<div class="col-xs-6">\r\n<div class="checkbox"><label><input id="purpose" name="purpose[]" type="checkbox" value="Astrology" />Astrology</label></div>\r\n\r\n<div class="checkbox"><label><input id="purpose" name="purpose[]" type="checkbox" value="Business Problem" /> Business Problem</label></div>\r\n\r\n<div class="checkbox"><label><input id="purpose" name="purpose[]" type="checkbox" value="Marriage Problem" />Marriage Problem</label></div>\r\n\r\n<div class="checkbox"><label><input id="purpose" name="purpose[]" type="checkbox" value="Family Problem" /> Family Problem</label></div>\r\n\r\n<div class="checkbox"><label><input id="purpose" name="purpose[]" type="checkbox" value="Other Problem" /> Other Problem</label></div>\r\n</div>\r\n</div>\r\n\r\n<div class="form-group"><label class="col-xs-4 control-label">Message</label>\r\n\r\n<div class="col-xs-6"><textarea class="form-control" id="message" name="message" rows="3"></textarea></div>\r\n</div>\r\n\r\n<div class="form-group">\r\n<div class="col-xs-6 col-xs-offset-3"><button class="btn btn-default" id="contact_submit" name="contact_submit" type="submit" value="submit">Submit</button></div>\r\n</div>\r\n</form>\r\n\r\n<div class="contact_gurujee">&nbsp;</div>\r\n\r\n<div class="modal-footer">&nbsp;</div>\r\n</div>\r\n</div>\r\n</div>\r\n</div>\r\n</div>\r\n</div>\r\n</div>\r\n</div>\r\n\r\n<div class="line_content">\r\n<hr /></div>\r\n', '', 'testing watch', 'testing watch', 'testing watch', 'full-width', 1, 1, '2017-03-25 13:45:31', '', '2017-03-27 16:09:09', ''),
(5, 'Gallery', 'gallery', '', 'Gallery-cms-Gallery.jpg', 'Jeevanacharya Album | Jyotishsashtra - Astrology', 'Jeevanacharya Album, Jyotishsashtra, Jyotish, Astrology', 'Jyotish may be regarded as \\''Astrology\\'', We have certain rules, Principles etc and each and every step taken is very much systematic so, It is a science.', 'full-width', 1, 0, '2017-03-25 13:45:50', '', '0000-00-00 00:00:00', ''),
(6, 'Ashram', 'ashram', '<div class="ashram_header">\r\n<div class="container">\r\n<div class="row">\r\n<div class="col-lg-12 col-md-12 col-sm-12 col-xs-12 ashram_div">\r\n<h3 class="ashram_heading"><em>Jeevanacharya Ashram</em></h3>\r\n\r\n<div class="col-lg-4 col-md-5 col-sm-6 col-xs-12"><img alt="ashram" src="http://jeevanacharya.com/media/ckfinder/files/ashram1.png" /></div>\r\n\r\n<div class="col-lg-8 col-md-7 col-sm-6 col-xs-12 ashram_section1">\r\n<h3>JEEVANACHARYA - JYOTISH &amp;ADHYATMA KENDRA WPAJTRUST(REG.80G)</h3>\r\n\r\n<p>The WPAJT (World Peace &amp; Adhyatma Jyotish Trust) works towards the betterment of humanity and global harmony. Its two pronged approach aimed at development and charitable activities has been a source of inspiration for many and therefore has been attracting alms and financial assistance from like-minded corporate giants, individuals and celebrities. Located and effectively operating from Mumbai &ndash; the financial hub of India, this registered trust accepts generous financial support and offers tax exemption to all its contributors under the 80G clause.</p>\r\n</div>\r\n</div>\r\n</div>\r\n</div>\r\n</div>\r\n\r\n<div class="ashram_footer">\r\n<div class="container">\r\n<div class="row">\r\n<div class="col-lg-12 col-md-12 col-sm-12 col-xs-12 ashram_sec">\r\n<div class="col-lg-4 col-md-5 col-sm-6 col-xs-12"><img alt="ravansanhita" src="http://jeevanacharya.com/media/ckfinder/files/ravan_sanhita.png" /></div>\r\n\r\n<div class="col-lg-8 col-md-7 col-sm-6 col-xs-12 ashram_section1">\r\n<h3>JEEVANACHARYA &ndash; ANCIENT HANDWRITTEN RAVAN SANHITA</h3>\r\n\r\n<p>Jeevanacharya hails the ancient handwritten scripture called Ravan Sanhita that talks about the various facets of astrology and tantric practices honed by Ravana &ndash; the demon king who ruled lanka as mentioned in the great epic &ldquo;Ramayana&rdquo;. Gurujee&rsquo;s positive thinking and approach sees the key points and wisdom the scripture offers for instilling and fortifying the confidence and performance of the masses. Click on the link to know more.</p>\r\n</div>\r\n</div>\r\n</div>\r\n</div>\r\n</div>\r\n', 'Ashram-cms-ashram.jpg', 'World Peace and Adhyatma Jyotish Trust | Ravan Sanhita', 'World Peace and Adhyatma Jyotish Trust, Ravan Sanhita, Ashram', 'WPAJT - World Peace and Adhyatma Jyotish Trust works towards the betterment of humanity and global harmony and Ravan Sanhita.', 'full-width', 1, 0, '2017-03-25 13:46:15', '', '0000-00-00 00:00:00', ''),
(7, 'Contact', 'contact', '<div class="contactus_header">\r\n<div class="col-lg-12 col-md-12 col-sm-12 col-xs-12 contact_section">\r\n<h2><em>Contact - Jeevanacharaya</em></h2>\r\n\r\n<p>Your search for self-realization, self-improvement and solutions for all your marriage, health, career, and business problems ends here. You can establish direct contact with Jeevanacharya himself by filling up the &ldquo;get in touch&rdquo; form or can even fill up the &ldquo;book appointment&rdquo; form for a personal interaction with him depending on his availability and location of visit. The map given below shows jeevanacharya&rsquo;s place of visit on a particular day and time and hence is updated regularly on a timely basis.</p>\r\n</div>\r\n</div>\r\n', 'Contact_us-cms-Contactus.jpg', 'Contact Jeevanacharya | self realization and improvement', 'self realization, self improvement, self realization and improvement', 'Contact Jeevanacharya - Your search for self-realization, self-improvement and solutions for all your marriage, health, career business problems ends here.', 'left-sidebar', 1, 0, '2017-03-25 13:46:34', '', '0000-00-00 00:00:00', ''),
(8, 'Watch', 'watch', '<div class="watch_videos">\r\n<div class="container">\r\n<div class="row">\r\n<div class="col-lg-6 col-md-6 col-sm-6 col-xs-12 watch_section">\r\n<h2>Jeevanacharya Video&#39;s</h2>\r\n\r\n<p>Lorem Ipsum is simply dummy text of the printing and typesetting industry.It is a long established fact that a reader will be distracted</p>\r\n<iframe allowfullscreen="" class="frame_video" frameborder="0" height="350" src="https://www.youtube.com/embed/IJhAlI3cO18" width="500"></iframe>\r\n\r\n<div class="col-xs-12 watch_table">\r\n<div class="bs-example">\r\n<table class="table table-bordered table-striped">\r\n	<thead class="thead_inverse" style="background-color: #cecece;">\r\n		<tr>\r\n			<th>S.No</th>\r\n			<th>Swamiji Satsang And Interview Videos</th>\r\n		</tr>\r\n	</thead>\r\n	<tbody>\r\n		<tr>\r\n			<td>1</td>\r\n			<td>Jeevanachrya-Visit Malaysia-2017 Videos</td>\r\n		</tr>\r\n		<tr>\r\n			<td>2</td>\r\n			<td>Jeevanacharya-Visit Singapore-2015 Videos</td>\r\n		</tr>\r\n		<tr>\r\n			<td>3</td>\r\n			<td>Jeevanacharya-Visit Chennai-2016 Videos</td>\r\n		</tr>\r\n		<tr>\r\n			<td>4</td>\r\n			<td>Jeevanacharya-Visit Satsang Delhi-2015 Videos</td>\r\n		</tr>\r\n		<tr>\r\n			<td>5</td>\r\n			<td>Jeevanachrya-Visit Malaysia-2017 Videos</td>\r\n		</tr>\r\n	</tbody>\r\n</table>\r\n</div>\r\n</div>\r\n</div>\r\n\r\n<div class="col-lg-6 col-md-6 col-sm-6 col-xs-12 watch_img pop_up"><i class="icon-lock" title="Jeevanacharya"><img alt="jeevanachrya" src="/assets/admin/js/ckfinder/userfiles/images/guru_watch.png" /></i>\r\n\r\n<h3>Location</h3>\r\n<button class="btn btn-primary" data-target="#myModal1" data-toggle="modal" type="button">Get your Appointment</button>\r\n\r\n<div id="map_iframe" style="height: 320px;">&nbsp;</div>\r\n</div>\r\n</div>\r\n</div>\r\n</div>\r\n\r\n<div class="line_content">\r\n<hr /></div>\r\n', '', 'Watch', 'Watch', 'Watch', 'full-width', 1, 0, '2017-03-27 16:09:27', '', '0000-00-00 00:00:00', ''),
(9, 'Chakra', 'chakra', '', '', 'Chakra', 'Chakra', 'Chakra', 'full-width', 1, 0, '2017-03-28 07:29:43', '', '0000-00-00 00:00:00', ''),
(10, 'asdasdasd', 'asdasdasd', '<p><img alt="" src="/media/ckfinder/images/3233e4e5ad30c887c7c06cebfa367234.jpg" style="width: 736px; height: 489px;" /></p>\r\n', '', 'sadasd', 'asdasd', 'asdasd', 'full-width', 1, 1, '2017-03-31 13:55:52', '', '2017-04-07 09:45:58', ''),
(11, 'Blog', 'blog', '', '', 'Blog', 'Blog', 'Blog', 'full-width', 1, 0, '2017-04-07 14:23:26', '', '0000-00-00 00:00:00', ''),
(12, 'Discourse', 'discourse', '', '', 'Jeevanacharya Discourse | Shri Kumaran Swami Gurujee', 'Discourse, Jeevanacharya Discourse, Shri Kumaran Swami Gurujee Discourses', 'Jeevanacharya shri kumaran swami gurujees discourses on sprituality and world peace.', 'full-width', 1, 0, '2017-04-18 13:21:55', '', '0000-00-00 00:00:00', ''),
(13, 'Discourse', 'discourse-2fvi7wfpgl', '', '', 'Discourse', 'Discourse', 'Discourse', 'full-width', 1, 1, '2017-04-18 13:52:32', '', '2017-04-18 13:53:13', ''),
(14, 'Privacy Policy', 'privacy-policy', '<div class="aboutus_section">\r\n<div class="container">\r\n<div class="row">\r\n<div class="col-lg-12 col-md-12 col-sm-12 col-xs-12 guru_aboutus">\r\n<p>This policy relates to the privacy practices of Cambodia Indian Association (&ldquo;we&rdquo;, &ldquo;our&rdquo; or &ldquo;us&rdquo;) in connection with&nbsp;www.jeevanacharya.com.&nbsp; It sets out the basis on which any personal data that you provide to us, in connection with the Website will be processed and disclosed by us, in accordance with Irish data protection legislation.&nbsp; We are not responsible for the content or privacy practices of other websites.&nbsp; Any external links to other websites will be clearly identifiable as such.</p>\r\n<h3>Collection of Your Information</h3>\r\n<p>When you visit the Website as a browser we may collect certain information about your usage of the Website, including the IP address from which you access the Website, the date and time of your access to the Website and the pages you visit on the Website.&nbsp; Where you register or subscribe to the Website we may also collect personal data about you, including your name, address, email address, credit card or other payment details and other information from your correspondence with us.</p>\r\n<h3>Use of Your Information</h3>\r\n<p>We may use personal data relating to you to help make the Website more user-friendly, to provide the services and products requested by you, and to manage your registered account or subscription to the Website.&nbsp; Your personal data may also be used by us for the purposes of analytics and market research, in order to improve our Website and the products and services we offer to you.&nbsp;</p>\r\n<p>[We may also use your personal data to send you e-mail alerts about important changes or developments to the Website and to send you customer satisfaction or marketing surveys in relation to your subscription or registered account with us, in order to ascertain how we may improve our service to you.&nbsp;</p>\r\n<p>We may also use your personal data to send you e-mail alerts with details of our products and services, which we feel may be of interest or relevance to you.</p>\r\n<h3>Disclosure of Your Information</h3>\r\n<p>We may disclose personal data relating to you to our agents, service providers and professional advisers and/or to such other third parties as may reasonably be required in connection with the purposes referred to in this Policy or as otherwise required or permitted by applicable law.&nbsp; This may involve the transfer of your personal data to a country outside of the Asian Economic Area where the level of data protection is not as high as in Cambodia.</p>\r\n<h3>Cookies</h3>\r\n<p>Please refer to our Cookies Policy which is incorporated into this Privacy Policy by this reference and is available&nbsp;here.</p>\r\n<h3>Retention of Your Information</h3>\r\n<p>We will only retain your personal data for as long as we require it for the purposes referred to in this Policy, unless we are required by applicable law or regulation to retain it for longer. If you cancel your subscription or delete your registered account for the Website and delete the Jeevanacharya mobile app from your mobile device we will delete any personal data we hold in relation to you as soon as reasonably possible and will immediately discontinue collecting any further personal data in relation to you.</p>\r\n<h3>Your Access and Amendment Rights </h3>\r\n<p>You have the right, subject to certain exemptions, to obtain a copy of any personal data which we hold about you (for which we may charge you a small fee) and to have inaccuracies in the information corrected. If you wish to avail of any of these rights, please contact us atinfo@jeevanacharya.com&nbsp;or Cambodia Indian Association, IOC Building, No.254, Monivong Blvd, Corner St.109, 6th Floor, Room No.007, Phnom Penh, Cambodia.&nbsp; In order to protect your privacy, you may also be asked to provide suitable proof of identification when making such a request.</p>\r\n<h3>Privacy Statement Changes</h3>\r\n<p>We may change this Privacy Policy from time to time, and in our sole discretion. &nbsp;We encourage you to frequently check this page for any changes to this Privacy Policy.&nbsp; Your continued use of this Website after any change in this Privacy Policy will constitute your acceptance of such change.</p>\r\n</div>\r\n</div>\r\n</div>\r\n</div>\r\n', '', 'Privacy Policy', 'Privacy Policy', 'Privacy Policy', 'full-width', 1, 0, '2017-05-13 08:37:46', '', '0000-00-00 00:00:00', ''),
(15, 'Deeksha', 'deeksha', '', 'Way_Of_Life-cms-way-of-life.jpg', 'Deeksha | Diksha | power of initiation - Jeevanacharya', 'Deeksha, Diksha, power of initiation, Jeevanacharya Deeksha, Jeevanacharya Diksha', 'Diksha or Deeksha is an exceptional and distinct process through which a Guru transfers his divine powers and energies onto a disciple’s mind, body, soul.', 'full-width', 1, 0, '2017-05-13 13:06:15', '', '0000-00-00 00:00:00', '');

-- --------------------------------------------------------

--
-- Table structure for table `sramcms_discourse`
--

CREATE TABLE IF NOT EXISTS `sramcms_discourse` (
  `id` int(11) NOT NULL AUTO_INCREMENT,
  `title` varchar(255) NOT NULL,
  `slug` varchar(255) NOT NULL,
  `shortdesc` varchar(255) NOT NULL,
  `description` text NOT NULL,
  `image` text NOT NULL,
  `is_active` tinyint(4) NOT NULL,
  `is_delete` tinyint(4) NOT NULL,
  `created` date NOT NULL,
  `modified` datetime NOT NULL,
  PRIMARY KEY (`id`)
) ENGINE=InnoDB  DEFAULT CHARSET=latin1 AUTO_INCREMENT=4 ;

--
-- Dumping data for table `sramcms_discourse`
--

INSERT INTO `sramcms_discourse` (`id`, `title`, `slug`, `shortdesc`, `description`, `image`, `is_active`, `is_delete`, `created`, `modified`) VALUES
(1, 'asdasd', 'asdasd', 'asdasd', '<p>asdasdasd</p>\r\n\r\n<p>asdasd</p>\r\n', 'f4721e5c39f36869f4851ff2d40dc2e2-discourse-1120520.jpg', 1, 1, '2017-04-19', '2017-04-18 10:53:44'),
(2, 'qweqwe', 'qweqwe', 'qweqwe', '<p>qweqwe</p>\r\n', 'daUEtroLWOw7cnHPFpiuV2J5N3X1bzTjk0BQ4hYR96evDqKGmC.jpg', 1, 1, '2017-04-19', '2017-04-18 10:54:00'),
(3, 'The Spiritual Aspect Of Healthcare', 'the-spiritual-aspect-of-healthcare', 'Silence, happiness, love and blessings are important aspects. Happiness leads to good health. It is only you who can give this medicine to yourself. Some bring illness to themselves through anger, greed, unfulfilled desires, expectations, suppression', '<p>Silence, happiness, love and blessings are important aspects. Happiness leads to good health. It is only you who can give this medicine to yourself. Some bring illness to themselves through anger, greed, unfulfilled desires, expectations, suppression of feelings and relationships not based on true love. Look in your heart, you will know where your illness comes from.</p>\r\n\r\n<p>There are three ingredients for a long and healthy life: live with attention but without worry; use time in a worthwhile way; keep your thoughts pure, positive and filled with strength.</p>\r\n', '6lJPOZkieGXjrRnEuD87mBgC92FzMp4aq1YKhSdtIyvTNAsHVQ.png', 1, 0, '2017-04-19', '2017-05-24 11:57:30');

-- --------------------------------------------------------

--
-- Table structure for table `sramcms_email_templates`
--

CREATE TABLE IF NOT EXISTS `sramcms_email_templates` (
  `id` int(11) unsigned NOT NULL AUTO_INCREMENT,
  `created` datetime NOT NULL,
  `modified` datetime NOT NULL,
  `from_email` varchar(500) COLLATE utf8_unicode_ci DEFAULT NULL,
  `reply_to` varchar(500) COLLATE utf8_unicode_ci DEFAULT NULL,
  `name` varchar(150) COLLATE utf8_unicode_ci DEFAULT NULL,
  `slug` varchar(100) COLLATE utf8_unicode_ci NOT NULL,
  `description` text COLLATE utf8_unicode_ci,
  `subject` varchar(255) COLLATE utf8_unicode_ci DEFAULT NULL,
  `email_content` text COLLATE utf8_unicode_ci,
  `email_variables` varchar(1000) COLLATE utf8_unicode_ci DEFAULT NULL,
  `is_html` tinyint(1) NOT NULL DEFAULT '0',
  `is_active` tinyint(1) NOT NULL,
  `is_delete` tinyint(1) NOT NULL,
  PRIMARY KEY (`id`),
  KEY `name` (`name`)
) ENGINE=MyISAM  DEFAULT CHARSET=utf8 COLLATE=utf8_unicode_ci COMMENT='Site Email Templates' AUTO_INCREMENT=9 ;

--
-- Dumping data for table `sramcms_email_templates`
--

INSERT INTO `sramcms_email_templates` (`id`, `created`, `modified`, `from_email`, `reply_to`, `name`, `slug`, `description`, `subject`, `email_content`, `email_variables`, `is_html`, `is_active`, `is_delete`) VALUES
(1, '2017-04-10 07:30:10', '0000-00-00 00:00:00', 'info@jeevanacharya.com', 'info@jeevanacharya.com', 'Newsletter Subscribe', 'newsletter-subscribe', 'Newsletter Subscribe Template', 'Newsletter Subscibe', '<div style="width:600px; margin:0px; padding:0px; margin:0 auto; border:1px solid #C8040A;">\r\n<table border="0" cellpadding="0" cellspacing="0" width="600">\r\n	<tbody>\r\n		<tr>\r\n			<td align="center" style=" border-bottom:1px solid #ededed; line-height:1px; font-size:1px; background:#C8040A; padding: 8px; text-align: center" valign="top"><a href="[BASEURL]"><img alt="" height="" src="http://jeevanacharya.com/skin/frontend/img/logo.png" width="" /></a></td>\r\n		</tr>\r\n		<tr>\r\n			<td align="left" style="font:normal 12px Arial, Helvetica, sans-serif; color:#3a3a3a; text-align:justify; line-height:18px; padding:12px 19px 0px 12px;" valign="top">&nbsp;</td>\r\n		</tr>\r\n		<tr>\r\n			<td align="left" style="font:bold 16px Arial, Helvetica, sans-serif; color:#5D5D5D; padding-left:12px;" valign="top">Hello [NAME],</td>\r\n		</tr>\r\n		<tr>\r\n			<td align="left" style="font:normal 12px Arial, Helvetica, sans-serif; color:#3a3a3a; text-align:left; line-height:18px; padding:12px 19px 0px 12px;" valign="top">\r\n			<p>Thank you for confirming your subscription with us. You will now be able to receive news, special offers, and more!</p>\r\n\r\n			<p>Unsubscribe Links :&nbsp; <a href="[ACTIVATIONLINK]" target="_blank">[ACTIVATIONLINK]</a></p>\r\n			</td>\r\n		</tr>\r\n		<tr>\r\n			<td align="left" style="font:normal 12px Arial, Helvetica, sans-serif; color:#3a3a3a; text-align:justify; line-height:18px; padding:12px 19px 0px 12px;" valign="top">Thanks &amp; Regards,<br />\r\n			Web Site Name - [SITE-TITLE]</td>\r\n		</tr>\r\n		<tr>\r\n			<td align="left" style="font:normal 12px Arial, Helvetica, sans-serif; color:#3a3a3a; text-align:justify; line-height:18px; padding:12px 19px 0px 12px;" valign="top">&nbsp;</td>\r\n		</tr>\r\n		<tr>\r\n			<td align="center" style="font:normal 11px Arial, Helvetica, sans-serif; color:#fff; background:#C8040A; padding:11px 0px 11px 0px; margin:15px 0px 0px 0px;border-top: 1px solid #C8040A;" valign="top">[COPY-CONTENT]</td>\r\n		</tr>\r\n	</tbody>\r\n</table>\r\n</div>\r\n\r\n<p>&nbsp;</p>\r\n', '[NAME],[ACTIVATIONLINK], [SITE-TITLE]', 0, 1, 0),
(2, '2017-04-04 15:12:21', '0000-00-00 00:00:00', 'info@jeevanacharya.com', 'info@jeevanacharya.com', 'Newsletter Unsubscribe', 'newsletter-unsubscribe', 'Newsletter Unsubscribe Template', 'Newsletter Unsubscribe', '<div style="width:600px; margin:0px; padding:0px; margin:0 auto; border:1px solid #C8040A;">\r\n<table border="0" cellpadding="0" cellspacing="0" width="600">\r\n	<tbody>\r\n		<tr>\r\n			<td align="center" style=" border-bottom:1px solid #ededed; line-height:1px; font-size:1px; background:#C8040A; padding: 8px; text-align: center" valign="top"><a href="[BASEURL]"><img alt="" height="" src="http://jeevanacharya.com/skin/frontend/img/logo.png" width="" /></a></td>\r\n		</tr>\r\n		<tr>\r\n			<td align="left" style="font:normal 12px Arial, Helvetica, sans-serif; color:#3a3a3a; text-align:justify; line-height:18px; padding:12px 19px 0px 12px;" valign="top">&nbsp;</td>\r\n		</tr>\r\n		<tr>\r\n			<td align="left" style="font:bold 16px Arial, Helvetica, sans-serif; color:#5D5D5D; padding-left:12px;" valign="top">Hello [NAME],</td>\r\n		</tr>\r\n		<tr>\r\n			<td align="left" style="font:normal 12px Arial, Helvetica, sans-serif; color:#3a3a3a; text-align:left; line-height:18px; padding:12px 19px 0px 12px;" valign="top">\r\n			<p>Thank you for confirming your unsubscription with us.</p>\r\n\r\n			<p>Subscribe Links :&nbsp; <a href="[ACTIVATIONLINK]" target="_blank">[ACTIVATIONLINK]</a></p>\r\n			</td>\r\n		</tr>\r\n		<tr>\r\n			<td align="left" style="font:normal 12px Arial, Helvetica, sans-serif; color:#3a3a3a; text-align:justify; line-height:18px; padding:12px 19px 0px 12px;" valign="top">Thanks &amp; Regards,<br />\r\n			Web Site Name - [SITE-TITLE]</td>\r\n		</tr>\r\n		<tr>\r\n			<td align="left" style="font:normal 12px Arial, Helvetica, sans-serif; color:#3a3a3a; text-align:justify; line-height:18px; padding:12px 19px 0px 12px;" valign="top">&nbsp;</td>\r\n		</tr>\r\n		<tr>\r\n			<td align="center" style="font:normal 11px Arial, Helvetica, sans-serif; color:#fff; background:#C8040A; padding:11px 0px 11px 0px; margin:15px 0px 0px 0px;border-top: 1px solid #C8040A;" valign="top">[COPY-CONTENT]</td>\r\n		</tr>\r\n	</tbody>\r\n</table>\r\n</div>\r\n\r\n<p>&nbsp;</p>\r\n', '[NAME],[ACTIVATIONLINK], [SITE-TITLE]', 0, 1, 0),
(3, '2017-04-12 13:41:08', '0000-00-00 00:00:00', 'info@jeevanacharya.com', 'info@jeevanacharya.com', 'Feedback Admin', 'feedback-admin', 'Feedback Template', 'Feedback', '<div style="width:600px; margin:0px; padding:0px; margin:0 auto; border:1px solid #C8040A;">\r\n<table border="0" cellpadding="0" cellspacing="0" width="600">\r\n	<tbody>\r\n		<tr>\r\n			<td align="center" style=" border-bottom:1px solid #ededed; line-height:1px; font-size:1px; background:#C8040A; padding: 8px; text-align: center" valign="top"><a href="[BASEURL]"><img alt="" height="" src="http://jeevanacharya.com/skin/frontend/img/logo.png" width="" /></a></td>\r\n		</tr>\r\n		<tr>\r\n			<td align="left" style="font:normal 12px Arial, Helvetica, sans-serif; color:#3a3a3a; text-align:justify; line-height:18px; padding:12px 19px 0px 12px;" valign="top">&nbsp;</td>\r\n		</tr>\r\n		<tr>\r\n			<td align="left" style="font:bold 16px Arial, Helvetica, sans-serif; color:#5D5D5D; padding-left:12px;" valign="top">Dear [NAME],</td>\r\n		</tr>\r\n		<tr>\r\n			<td align="left" style="font:normal 12px Arial, Helvetica, sans-serif; color:#3a3a3a; text-align:left; line-height:18px; padding:12px 19px 0px 12px;" valign="top">\r\n			<p>Feedback Form details below.</p>\r\n\r\n			<p>Firstname :&nbsp; [FIRSTNAME]</p>\r\n\r\n			<p>Lastname :&nbsp; [LASTNAME]</p>\r\n\r\n			<p>Phone Number:&nbsp; [PHONE]</p>\r\n\r\n			<p>Email :&nbsp; [EMAIL]</p>\r\n\r\n			<p>Message :&nbsp; [CONTENT]</p>\r\n			</td>\r\n		</tr>\r\n		<tr>\r\n			<td align="left" style="font:normal 12px Arial, Helvetica, sans-serif; color:#3a3a3a; text-align:justify; line-height:18px; padding:12px 19px 0px 12px;" valign="top">Thanks &amp; Regards,<br />\r\n			Web Site Name - [SITE-TITLE]</td>\r\n		</tr>\r\n		<tr>\r\n			<td align="left" style="font:normal 12px Arial, Helvetica, sans-serif; color:#3a3a3a; text-align:justify; line-height:18px; padding:12px 19px 0px 12px;" valign="top">&nbsp;</td>\r\n		</tr>\r\n		<tr>\r\n			<td align="center" style="font:normal 11px Arial, Helvetica, sans-serif; color:#fff; background:#C8040A; padding:11px 0px 11px 0px; margin:15px 0px 0px 0px;border-top: 1px solid #C8040A;" valign="top">[COPY-CONTENT]</td>\r\n		</tr>\r\n	</tbody>\r\n</table>\r\n</div>\r\n\r\n<p>&nbsp;</p>\r\n', '[NAME], [EMAIL], [FIRSTNAME],[LASTNAME],[PHONE], [CONTENT], [SITE-TITLE]', 0, 1, 0),
(4, '2017-04-07 09:41:30', '0000-00-00 00:00:00', 'info@jeevanacharya.com', 'info@jeevanacharya.com', 'appointment confirmation', 'appointment-confirmation', 'appointment confirmation template', 'appointment confirmation', '<div style="width:600px; margin:0px; padding:0px; margin:0 auto; border:1px solid #C8040A;">\r\n<table border="0" cellpadding="0" cellspacing="0" width="600">\r\n	<tbody>\r\n		<tr>\r\n			<td align="center" style=" border-bottom:1px solid #ededed; line-height:1px; font-size:1px; background:#C8040A; padding: 8px; text-align: center" valign="top"><a href="[BASEURL]"><img alt="" height="" src="http://jeevanacharya.com/skin/frontend/img/logo.png" width="" /></a></td>\r\n		</tr>\r\n		<tr>\r\n			<td align="left" style="font:normal 12px Arial, Helvetica, sans-serif; color:#3a3a3a; text-align:justify; line-height:18px; padding:12px 19px 0px 12px;" valign="top">&nbsp;</td>\r\n		</tr>\r\n		<tr>\r\n			<td align="left" style="font:bold 16px Arial, Helvetica, sans-serif; color:#5D5D5D; padding-left:12px;" valign="top">Hello [NAME],</td>\r\n		</tr>\r\n		<tr>\r\n			<td align="left" style="font:normal 12px Arial, Helvetica, sans-serif; color:#3a3a3a; text-align:left; line-height:18px; padding:12px 19px 0px 12px;" valign="top">\r\n			<p>Your Appointment has been confirmed by Swamiji.</p>\r\n\r\n			<p><strong>Date of Appointment :</strong> [APPOINTMENT_DATE]</p>\r\n\r\n			<p>Trip Details Links :&nbsp; <a href="[EVENT_PAGE_LINK]" target="_blank">[EVENT_PAGE_LINK]</a></p>\r\n			</td>\r\n		</tr>\r\n		<tr>\r\n			<td align="left" style="font:normal 12px Arial, Helvetica, sans-serif; color:#3a3a3a; text-align:justify; line-height:18px; padding:12px 19px 0px 12px;" valign="top">Thanks &amp; Regards,<br />\r\n			Web Site Name - [SITE-TITLE]</td>\r\n		</tr>\r\n		<tr>\r\n			<td align="left" style="font:normal 12px Arial, Helvetica, sans-serif; color:#3a3a3a; text-align:justify; line-height:18px; padding:12px 19px 0px 12px;" valign="top">&nbsp;</td>\r\n		</tr>\r\n		<tr>\r\n			<td align="center" style="font:normal 11px Arial, Helvetica, sans-serif; color:#fff; background:#C8040A; padding:11px 0px 11px 0px; margin:15px 0px 0px 0px;border-top: 1px solid #C8040A;" valign="top">[COPY-CONTENT]</td>\r\n		</tr>\r\n	</tbody>\r\n</table>\r\n</div>\r\n\r\n<p>&nbsp;</p>\r\n', '[NAME],[APPOINTMENT_DATE], [EVENT_PAGE_LINK]', 0, 1, 0),
(5, '2017-04-04 15:11:28', '0000-00-00 00:00:00', 'info@jeevanacharya.com', 'info@jeevanacharya.com', 'appointment notification to admin', 'appointment-notification-to-admin', 'appointment notification to admin', 'appointment notification to admin', '<div style="width:600px; margin:0px; padding:0px; margin:0 auto; border:1px solid #C8040A;">\r\n<table border="0" cellpadding="0" cellspacing="0" width="600">\r\n	<tbody>\r\n		<tr>\r\n			<td align="center" style=" border-bottom:1px solid #ededed; line-height:1px; font-size:1px; background:#C8040A; padding: 8px; text-align: center" valign="top"><a href="[BASEURL]"><img alt="" height="" src="http://jeevanacharya.com/skin/frontend/img/logo.png" width="" /></a></td>\r\n		</tr>\r\n		<tr>\r\n			<td align="left" style="font:normal 12px Arial, Helvetica, sans-serif; color:#3a3a3a; text-align:justify; line-height:18px; padding:12px 19px 0px 12px;" valign="top">&nbsp;</td>\r\n		</tr>\r\n		<tr>\r\n			<td align="left" style="font:bold 16px Arial, Helvetica, sans-serif; color:#5D5D5D; padding-left:12px;" valign="top">Dear [NAME],</td>\r\n		</tr>\r\n		<tr>\r\n			<td align="left" style="font:normal 12px Arial, Helvetica, sans-serif; color:#3a3a3a; text-align:left; line-height:18px; padding:12px 19px 0px 12px;" valign="top">\r\n			<p>Feedback Form details below.</p>\r\n\r\n			<p>Name:&nbsp; [NAME]</p>\r\n\r\n			<p>Email :&nbsp; [EMAIL]</p>\r\n\r\n			<p>Phone No:&nbsp; [PHONE_NUMBER]</p>\r\n\r\n			<p>Purpose of Appointment:&nbsp; [PURPOSE_OF_APPOINTMENT]</p>\r\n\r\n			<p>Message :&nbsp; [MESSAGE]</p>\r\n			</td>\r\n		</tr>\r\n		<tr>\r\n			<td align="left" style="font:normal 12px Arial, Helvetica, sans-serif; color:#3a3a3a; text-align:justify; line-height:18px; padding:12px 19px 0px 12px;" valign="top">Thanks &amp; Regards,<br />\r\n			Web Site Name - [SITE-TITLE]</td>\r\n		</tr>\r\n		<tr>\r\n			<td align="left" style="font:normal 12px Arial, Helvetica, sans-serif; color:#3a3a3a; text-align:justify; line-height:18px; padding:12px 19px 0px 12px;" valign="top">&nbsp;</td>\r\n		</tr>\r\n		<tr>\r\n			<td align="center" style="font:normal 11px Arial, Helvetica, sans-serif; color:#fff; background:#C8040A; padding:11px 0px 11px 0px; margin:15px 0px 0px 0px;border-top: 1px solid #C8040A;" valign="top">[COPY-CONTENT]</td>\r\n		</tr>\r\n	</tbody>\r\n</table>\r\n</div>\r\n\r\n<p>&nbsp;</p>\r\n', '[NAME], [EMAIL], [PHONE_NUMBER], [PURPOSE_OF_APPOINTMENT], [MESSAGE]', 0, 1, 0),
(6, '2017-04-04 15:11:17', '0000-00-00 00:00:00', 'info@jeevanacharya.com', 'info@jeevanacharya.com', 'appointment user acknowledgement', 'appointment-user-acknowledgement', 'appointment user acknowledgement', 'appointment user acknowledgement', '<div style="width:600px; margin:0px; padding:0px; margin:0 auto; border:1px solid #C8040A;">\r\n<table border="0" cellpadding="0" cellspacing="0" width="600">\r\n	<tbody>\r\n		<tr>\r\n			<td align="center" style=" border-bottom:1px solid #ededed; line-height:1px; font-size:1px; background:#C8040A; padding: 8px; text-align: center" valign="top"><a href="[BASEURL]"><img alt="" height="" src="http://jeevanacharya.com/skin/frontend/img/logo.png" width="" /></a></td>\r\n		</tr>\r\n		<tr>\r\n			<td align="left" style="font:normal 12px Arial, Helvetica, sans-serif; color:#3a3a3a; text-align:justify; line-height:18px; padding:12px 19px 0px 12px;" valign="top">&nbsp;</td>\r\n		</tr>\r\n		<tr>\r\n			<td align="left" style="font:bold 16px Arial, Helvetica, sans-serif; color:#5D5D5D; padding-left:12px;" valign="top">Hello [NAME],</td>\r\n		</tr>\r\n		<tr>\r\n			<td align="left" style="font:normal 12px Arial, Helvetica, sans-serif; color:#3a3a3a; text-align:left; line-height:18px; padding:12px 19px 0px 12px;" valign="top">\r\n			<p>Thank you for your Booking Appointment , We will confirm your appointment and send the details.</p>\r\n\r\n			<p>Event Name: [EVENT_NAME]</p>\r\n\r\n			<p>Event Info : [EVENT_INFO]</p>\r\n			</td>\r\n		</tr>\r\n		<tr>\r\n			<td align="left" style="font:normal 12px Arial, Helvetica, sans-serif; color:#3a3a3a; text-align:justify; line-height:18px; padding:12px 19px 0px 12px;" valign="top">Thanks &amp; Regards,<br />\r\n			Web Site Name - [SITE-TITLE]</td>\r\n		</tr>\r\n		<tr>\r\n			<td align="left" style="font:normal 12px Arial, Helvetica, sans-serif; color:#3a3a3a; text-align:justify; line-height:18px; padding:12px 19px 0px 12px;" valign="top">&nbsp;</td>\r\n		</tr>\r\n		<tr>\r\n			<td align="center" style="font:normal 11px Arial, Helvetica, sans-serif; color:#fff; background:#C8040A; padding:11px 0px 11px 0px; margin:15px 0px 0px 0px;border-top: 1px solid #C8040A;" valign="top">[COPY-CONTENT]</td>\r\n		</tr>\r\n	</tbody>\r\n</table>\r\n</div>\r\n\r\n<p>&nbsp;</p>\r\n', '[NAME], [EVENT_NAME], [EVENT_INFO]', 0, 1, 0),
(7, '2017-04-06 11:59:33', '0000-00-00 00:00:00', 'info@jeevanacharya.com', 'info@jeevanacharya.com', 'Forgot Password', 'forgot-password', 'Forgot Password Template', 'Forgot Password for Jeevanacharya', '<div style="width:600px; margin:0px; padding:0px; margin:0 auto; border:1px solid #C8040A;">\r\n<table border="0" cellpadding="0" cellspacing="0" width="600">\r\n	<tbody>\r\n		<tr>\r\n			<td align="center" style=" border-bottom:1px solid #ededed; line-height:1px; font-size:1px; background:#C8040A; padding: 8px; text-align: center" valign="top"><a href="[BASEURL]"><img alt="" height="" src="http://jeevanacharya.com/skin/frontend/img/logo.png" width="" /></a></td>\r\n		</tr>\r\n		<tr>\r\n			<td align="left" style="font:normal 12px Arial, Helvetica, sans-serif; color:#3a3a3a; text-align:justify; line-height:18px; padding:12px 19px 0px 12px;" valign="top">&nbsp;</td>\r\n		</tr>\r\n		<tr>\r\n			<td align="left" style="font:bold 16px Arial, Helvetica, sans-serif; color:#5D5D5D; padding-left:12px;" valign="top">Hi [NAME],</td>\r\n		</tr>\r\n		<tr>\r\n			<td align="left" style="font:normal 12px Arial, Helvetica, sans-serif; color:#3a3a3a; text-align:left; line-height:18px; padding:12px 19px 0px 12px;" valign="top">\r\n			<p>You recently requested to reset your password for your Jeevanacharya.com</p>\r\n\r\n			<p>Click the links below to reset it</p>\r\n\r\n			<p>&nbsp;<a href="[LINK]" target="_blank">[LINK]</a></p>\r\n			</td>\r\n		</tr>\r\n		<tr>\r\n			<td align="left" style="font:normal 12px Arial, Helvetica, sans-serif; color:#3a3a3a; text-align:justify; line-height:18px; padding:12px 19px 0px 12px;" valign="top">Thanks &amp; Regards,<br />\r\n			Web Site Name - [SITE-TITLE]</td>\r\n		</tr>\r\n		<tr>\r\n			<td align="left" style="font:normal 12px Arial, Helvetica, sans-serif; color:#3a3a3a; text-align:justify; line-height:18px; padding:12px 19px 0px 12px;" valign="top">&nbsp;</td>\r\n		</tr>\r\n		<tr>\r\n			<td align="center" style="font:normal 11px Arial, Helvetica, sans-serif; color:#fff; background:#C8040A; padding:11px 0px 11px 0px; margin:15px 0px 0px 0px;border-top: 1px solid #C8040A;" valign="top">[COPY-CONTENT]</td>\r\n		</tr>\r\n	</tbody>\r\n</table>\r\n</div>\r\n\r\n<p>&nbsp;</p>\r\n', '[NAME],[LINK], [SITE-TITLE]', 0, 1, 0),
(8, '2017-04-19 11:44:36', '0000-00-00 00:00:00', 'info@jeevanacharya.com', 'info@jeevanacharya.com', 'Feedback Reply', 'feedback-reply', 'Feedback Reply Template', 'Feedback Admin Reply', '<div style="width:600px; margin:0px; padding:0px; margin:0 auto; border:1px solid #C8040A;">\n<table border="0" cellpadding="0" cellspacing="0" width="600">\n	<tbody>\n		<tr>\n			<td align="center" style=" border-bottom:1px solid #ededed; line-height:1px; font-size:1px; background:#C8040A; padding: 8px; text-align: center" valign="top"><a href="[BASEURL]"><img alt="" height="" src="http://jeevanacharya.com/skin/frontend/img/logo.png" width="" /></a></td>\n		</tr>\n		<tr>\n			<td align="left" style="font:normal 12px Arial, Helvetica, sans-serif; color:#3a3a3a; text-align:justify; line-height:18px; padding:12px 19px 0px 12px;" valign="top">&nbsp;</td>\n		</tr>\n		<tr>\n			<td align="left" style="font:bold 16px Arial, Helvetica, sans-serif; color:#5D5D5D; padding-left:12px;" valign="top">Hi [NAME],</td>\n		</tr>\n		<tr>\n			<td align="left" style="font:normal 12px Arial, Helvetica, sans-serif; color:#3a3a3a; text-align:left; line-height:18px; padding:12px 19px 0px 12px;" valign="top">\n			<p>[CONTENT]</p>\n\n			<p>Reply Message</p>\n\n			<p>[REPLYCONTENT]</p>\n			</td>\n		</tr>\n		<tr>\n			<td align="left" style="font:normal 12px Arial, Helvetica, sans-serif; color:#3a3a3a; text-align:justify; line-height:18px; padding:12px 19px 0px 12px;" valign="top">Thanks &amp; Regards,<br />\n			Web Site Name - [SITE-TITLE]</td>\n		</tr>\n		<tr>\n			<td align="left" style="font:normal 12px Arial, Helvetica, sans-serif; color:#3a3a3a; text-align:justify; line-height:18px; padding:12px 19px 0px 12px;" valign="top">&nbsp;</td>\n		</tr>\n		<tr>\n			<td align="center" style="font:normal 11px Arial, Helvetica, sans-serif; color:#fff; background:#C8040A; padding:11px 0px 11px 0px; margin:15px 0px 0px 0px;border-top: 1px solid #C8040A;" valign="top">[COPY-CONTENT]</td>\n		</tr>\n	</tbody>\n</table>\n</div>\n\n<p>&nbsp;</p>\n', '[NAME], [SITEURL], [SITE_TITLE], [CONTENT], [REPLYCONTENT]', 0, 1, 0);

-- --------------------------------------------------------

--
-- Table structure for table `sramcms_event_users`
--

CREATE TABLE IF NOT EXISTS `sramcms_event_users` (
  `id` int(11) NOT NULL AUTO_INCREMENT,
  `name` varchar(255) NOT NULL,
  `email` varchar(255) NOT NULL,
  `phone_no` varchar(100) NOT NULL,
  `location` text NOT NULL,
  `location_date` datetime NOT NULL,
  `event_id` bigint(20) NOT NULL COMMENT 'reference by routeplan table',
  `purpose_of_appointment` varchar(100) NOT NULL,
  `message` text NOT NULL,
  `booked_date` date NOT NULL,
  `appointment_date` date NOT NULL,
  `appointment_start_time` time NOT NULL,
  `appointment_end_time` time NOT NULL,
  `created_on` datetime NOT NULL,
  `created_by` int(11) NOT NULL,
  `created_ip` varchar(100) NOT NULL,
  `updated_on` datetime NOT NULL,
  `updated_ip` varchar(100) NOT NULL,
  `updated_by` bigint(20) NOT NULL,
  `is_active` tinyint(4) NOT NULL,
  `is_cancel` tinyint(4) NOT NULL COMMENT '0-Uncancel, 1-Cancel',
  `is_reschedule` tinyint(4) NOT NULL COMMENT '0-Unreschedule, 1-reschdule',
  `is_delete` tinyint(4) NOT NULL,
  PRIMARY KEY (`id`)
) ENGINE=InnoDB  DEFAULT CHARSET=latin1 AUTO_INCREMENT=21 ;

--
-- Dumping data for table `sramcms_event_users`
--

INSERT INTO `sramcms_event_users` (`id`, `name`, `email`, `phone_no`, `location`, `location_date`, `event_id`, `purpose_of_appointment`, `message`, `booked_date`, `appointment_date`, `appointment_start_time`, `appointment_end_time`, `created_on`, `created_by`, `created_ip`, `updated_on`, `updated_ip`, `updated_by`, `is_active`, `is_cancel`, `is_reschedule`, `is_delete`) VALUES
(1, 'asdasd', 'asdasdasd@gmail.com', '3423423434234', '', '0000-00-00 00:00:00', 6, '["Astrology","Business Problem","Marriage Problem","Family Problem","Other Problem"]', 'sadasdasd', '2017-04-14', '2017-05-09', '00:00:00', '00:00:00', '2017-03-30 12:29:21', 1, '::1', '2017-03-30 15:14:35', '', 1, 1, 0, 1, 0),
(2, 'aaasdasdasd', 'asdasdasdasdasd@gmail.com', '34234234234', '', '0000-00-00 00:00:00', 6, '["Business Problem","Marriage Problem","Family Problem","Other Problem"]', 'asdasdasd', '2017-04-04', '0000-00-00', '00:00:00', '00:00:00', '2017-03-30 12:29:45', 1, '::1', '2017-03-30 15:14:35', '::1', 1, 1, 1, 0, 0),
(3, 'asdasdasd', 'asdasdasdasdasdasd@gmail.com', 'asdasdasd', '', '0000-00-00 00:00:00', 6, '["Astrology","Business Problem","Marriage Problem","Other Problem"]', 'asdasdasd', '2017-04-04', '2017-04-20', '00:00:00', '00:00:00', '2017-03-30 14:37:46', 1, '::1', '2017-03-30 15:16:13', '::1', 1, 1, 0, 0, 0),
(4, 'asdasdasd', 'asdasdasdasdasdasd@gmail.com', 'asdasdasd', '', '0000-00-00 00:00:00', 6, '["Business Problem","Marriage Problem","Other Problem"]', 'asdasdasd', '2017-04-12', '0000-00-00', '00:00:00', '00:00:00', '2017-03-30 14:38:13', 1, '::1', '2017-03-30 15:16:47', '::1', 1, 1, 1, 0, 0),
(5, 'asdasdasdasdasd', 'asdasdasdasdasdasd123@gmail.com', '345234234234', '', '0000-00-00 00:00:00', 6, '["Business Problem","Marriage Problem"]', 'asdasdasd', '2017-04-13', '0000-00-00', '00:00:00', '00:00:00', '2017-03-30 14:48:12', 1, '::1', '2017-03-30 15:14:35', '::1', 1, 1, 0, 0, 0),
(6, 'Mohamed', 'mdibramsha@srammram.com', '9786327322', '', '0000-00-00 00:00:00', 7, '["Business Problem"]', 'For Business Related Issues', '2017-03-31', '2017-04-29', '00:00:00', '00:00:00', '2017-03-30 18:47:21', 1, '::1', '0000-00-00 00:00:00', '', 0, 1, 0, 1, 0),
(7, 'araesdr', 'afafsdaf@aefasdfasd.com', '123456678999', '', '0000-00-00 00:00:00', 7, '["Astrology"]', 'fasfsafdasfasdf', '0000-00-00', '0000-00-00', '00:00:00', '00:00:00', '2017-03-31 05:52:02', 1, '210.18.167.254', '0000-00-00 00:00:00', '', 0, 1, 0, 0, 0),
(8, 'Velmurugan', 'velb@srammram.com', '9524367528', '', '0000-00-00 00:00:00', 7, '["Astrology"]', 'test', '2017-04-04', '0000-00-00', '00:00:00', '00:00:00', '2017-03-31 07:04:12', 1, '210.18.167.254', '0000-00-00 00:00:00', '', 0, 1, 0, 0, 0),
(9, 'Velmurugan', 'velb@srammram.com', '9524367528', '', '0000-00-00 00:00:00', 8, '["Other Problem"]', 'Test', '2017-04-01', '0000-00-00', '00:00:00', '00:00:00', '2017-03-31 07:29:26', 1, '210.18.167.254', '0000-00-00 00:00:00', '', 0, 1, 0, 0, 0),
(10, 'Subhash', 'tksubhashraj14@gmail.com', '3456345345345', '', '0000-00-00 00:00:00', 1, '["Astrology","Business Problem"]', 'dev test', '2017-04-14', '0000-00-00', '00:00:00', '00:00:00', '2017-04-04 15:07:10', 1, '210.18.163.133', '0000-00-00 00:00:00', '', 0, 1, 0, 0, 0),
(11, 'Mohamed', 'mdibram89+1@gmail.com', '9786327322', '', '0000-00-00 00:00:00', 5, '["Business Problem"]', 'For Growing purpose', '2017-05-06', '2017-05-26', '19:00:00', '20:30:00', '2017-04-04 15:26:09', 1, '210.18.163.133', '2017-04-04 15:32:54', '210.18.163.133', 1, 1, 0, 1, 1),
(12, 'sadam', 'sadam69@gmail.com', '9786327322', '', '0000-00-00 00:00:00', 5, '["Business Problem"]', 'For Switzerland trip', '2017-05-06', '2017-04-30', '19:00:00', '20:30:00', '2017-04-04 15:30:24', 1, '210.18.163.133', '2017-04-04 15:32:54', '210.18.163.133', 1, 1, 0, 0, 1),
(13, 'kalaivanan', 'kannan.kalai58@gmail.com', '9944668971', '', '0000-00-00 00:00:00', 1, '["Astrology","Marriage Problem","Family Problem"]', 'Testing Purpose Testing Purpose Testing Purpose Testing Purpsoe', '2017-04-14', '2017-04-14', '06:30:00', '07:45:00', '2017-04-06 13:07:28', 1, '49.206.115.115', '2017-04-06 13:43:24', '49.206.115.115', 1, 1, 0, 0, 0),
(14, 'kalaivanan', 'kannan.kalai58@gmail.com', '9944668971', '', '0000-00-00 00:00:00', 1, '["Astrology","Business Problem","Marriage Problem","Family Problem"]', 'Testing Purpose Testing Purpose Testing Purpsoe ', '2017-04-13', '0000-00-00', '00:00:00', '00:00:00', '2017-04-06 13:26:07', 1, '49.206.115.115', '0000-00-00 00:00:00', '', 0, 1, 0, 0, 0),
(15, 'devtest', 'tksubhashraj14@gmail.com', '9786604248', '', '0000-00-00 00:00:00', 1, '["Astrology","Business Problem","Marriage Problem","Family Problem"]', 'Dev test', '2017-04-13', '2017-04-11', '07:30:00', '08:30:00', '2017-04-07 09:25:53', 1, '210.18.164.172', '2017-04-07 09:28:39', '210.18.164.172', 1, 1, 0, 0, 0),
(16, 'ananthahj', 'ananthan@srammram.com', '342234324432', 'Ney', '2017-04-12 10:25:00', 5, '["Astrology"]', 'dsfrqwr', '2017-05-03', '0000-00-00', '00:00:00', '00:00:00', '2017-04-11 15:09:11', 0, '210.18.172.201', '0000-00-00 00:00:00', '', 0, 1, 0, 0, 0),
(17, 'devtest', 'tksubhashraj14@gmail.com', '9786604248', 'Manama, Capital Governorate, Bahrain', '2017-04-11 09:45:00', 2, '["Astrology","Business Problem","Marriage Problem","Family Problem"]', 'Dev test', '2017-04-12', '2017-04-12', '18:30:00', '19:30:00', '2017-04-11 15:14:48', 0, '210.18.172.201', '2017-04-11 15:20:10', '210.18.172.201', 1, 1, 0, 0, 0),
(18, 'Mohamed', 'mdibram89+3@gmail.com', '9841090301', 'Pudupatti, Tamil Nadu, India', '1989-10-21 10:22:00', 2, '["Business Problem"]', 'For Business problem', '2017-04-13', '0000-00-00', '00:00:00', '00:00:00', '2017-04-12 05:46:09', 0, '210.18.175.98', '0000-00-00 00:00:00', '', 0, 1, 0, 0, 0),
(19, 'sfsdf', 'sdfsd@ffds.f', '2332434342342', 'Chicago, IL, United States', '2017-04-12 16:50:00', 7, '["Other Problem"]', 'sfsdf', '2017-04-20', '2017-04-16', '00:00:00', '00:00:00', '2017-04-12 10:39:34', 0, '210.18.145.42', '0000-00-00 00:00:00', '', 0, 1, 0, 0, 0),
(20, 'mani', 'ramaiyamani@gmail.com', '9698746280', 'Neyveli, Tamil Nadu, India', '1991-05-07 12:30:00', 2, '["Astrology"]', 'tuyytuy', '2017-04-14', '0000-00-00', '00:00:00', '00:00:00', '2017-04-13 13:47:15', 0, '49.206.117.229', '0000-00-00 00:00:00', '', 0, 1, 0, 0, 0);

-- --------------------------------------------------------

--
-- Table structure for table `sramcms_feedback`
--

CREATE TABLE IF NOT EXISTS `sramcms_feedback` (
  `id` int(11) NOT NULL AUTO_INCREMENT,
  `firstname` varchar(250) NOT NULL,
  `lastname` varchar(250) NOT NULL,
  `email` varchar(250) NOT NULL,
  `phone` varchar(15) NOT NULL,
  `message_text` text NOT NULL,
  `reply_message` text NOT NULL,
  `is_active` tinyint(4) NOT NULL,
  `is_delete` tinyint(4) NOT NULL,
  `created` datetime NOT NULL,
  PRIMARY KEY (`id`)
) ENGINE=InnoDB  DEFAULT CHARSET=latin1 AUTO_INCREMENT=7 ;

--
-- Dumping data for table `sramcms_feedback`
--

INSERT INTO `sramcms_feedback` (`id`, `firstname`, `lastname`, `email`, `phone`, `message_text`, `reply_message`, `is_active`, `is_delete`, `created`) VALUES
(1, 'ananthan', 'kumar', 'anathan@srammram.com', '', 'test', '', 1, 0, '2017-03-30 16:27:53'),
(2, 'sanjay ', 'jaipuria', 'cheerswithu@gmail.com', '', 'i want met  u in mumbai when we met', '', 1, 0, '2017-04-04 14:06:52'),
(3, 'rajesh', 'd', 'rrinteriors@rediffmail.com', '', 'i want met in mumbai', '', 1, 0, '2017-04-04 14:10:20'),
(4, 'vishalm', 'kumar', 'vishalmkumar@hotmail.com', '', 'very nive swami ji...bless me and my faimly always \r\nwe r always follows your remedies whncan meet you..pranam', '', 1, 0, '2017-04-04 18:25:53'),
(5, 'san', 'kar', 'sankar@srammram.com', '', 'test', '', 1, 0, '2017-04-05 13:55:55'),
(6, 'mani', 'kandan', 'ramaiyamani@gmail.com', '9698746280', 'ghfghdfg', '', 1, 0, '2017-04-13 13:44:38');

-- --------------------------------------------------------

--
-- Table structure for table `sramcms_gallary_categories`
--

CREATE TABLE IF NOT EXISTS `sramcms_gallary_categories` (
  `id` bigint(20) NOT NULL AUTO_INCREMENT,
  `created_on` datetime NOT NULL,
  `created_by` bigint(20) NOT NULL,
  `created_ip` varchar(100) NOT NULL,
  `updated_on` datetime NOT NULL,
  `updated_by` bigint(20) NOT NULL,
  `updated_ip` varchar(100) NOT NULL,
  `name` varchar(255) NOT NULL,
  `meta_title` varchar(255) NOT NULL,
  `meta_keyword` varchar(255) NOT NULL,
  `meta_description` varchar(255) NOT NULL,
  `slug` varchar(225) NOT NULL,
  `description` text NOT NULL,
  `category_image` varchar(255) NOT NULL,
  `is_order` bigint(20) NOT NULL,
  `is_active` tinyint(1) NOT NULL DEFAULT '1',
  `is_delete` tinyint(1) NOT NULL,
  PRIMARY KEY (`id`)
) ENGINE=InnoDB  DEFAULT CHARSET=latin1 AUTO_INCREMENT=31 ;

--
-- Dumping data for table `sramcms_gallary_categories`
--

INSERT INTO `sramcms_gallary_categories` (`id`, `created_on`, `created_by`, `created_ip`, `updated_on`, `updated_by`, `updated_ip`, `name`, `meta_title`, `meta_keyword`, `meta_description`, `slug`, `description`, `category_image`, `is_order`, `is_active`, `is_delete`) VALUES
(1, '2017-03-28 12:41:49', 1, '::1', '2017-05-09 12:21:48', 1, '210.18.165.161', 'Sound Association Of India', 'Sound Association Of India | Jeevanacharya', 'Sound Association Of India, Jeevanacharya, shri kumaran swami gurujee', 'Jeevanacharya shri kumaran swami gurujee presenting awards in the 57th annual general meeting in the sound association of india held at Mumbai.', 'sound-association-of-india', 'Jeevanacharya shri kumaran swami gurujee presenting awards in the 57th annual general meeting in the sound association of india held at Mumbai.', 'gallery/categories/2017/05/Jeevanacharya_Award_2014_009_1494332507.jpg', 2, 1, 0),
(2, '2017-03-28 12:42:09', 1, '::1', '2017-05-09 12:30:03', 1, '210.18.165.161', 'Jeevanacharya at Bharat Gaurav Achievement Award', 'Jeevanacharya | Bharat Gaurav Achievement Award', 'Jeevanacharya, Bharat Gaurav Achievement Award', 'Jeevanacharya shri kumaran swami gurujee at bharat gaurav achievement award function held in the year 2014.', 'jeevanacharya-at-bharat-gaurav-achievement-award', 'Jeevanacharya shri kumaran swami gurujee at bharat gaurav achievement award function held in the year 2014. ', 'gallery/categories/2017/05/JEEVANACHARYA_BHARAT_GAURAV_AWARD_2014_001_1494333002.jpg', 3, 1, 0),
(9, '2017-04-04 02:57:59', 1, '203.109.107.16', '2017-05-09 12:39:28', 1, '210.18.165.161', 'RK Excellence Award and Conference', 'RK Excellence Award Conference | Jeevanacharya', 'RK Excellence Conference, Jeevanacharya, RK Excellence Award, Jeevanacharya', 'Jeevanacharya shri kumaran swami gurujee in the R.K Excellence Award function held in the year 2015.', 'rk-excellence-award-and-conference', 'Jeevanacharya shri kumaran swami gurujee in the R.K Excellence Award function held in the year 2015.', 'gallery/categories/2017/05/JEEVANACHARYA_RK_EXCELLENCE_AWARD_2015_010_1494333566.jpg', 4, 1, 0),
(10, '2017-04-04 05:49:45', 1, '210.18.149.216', '2017-05-09 12:39:55', 1, '210.18.165.161', 'Jeevanacharya with Celebrities', 'Jeevanacharya with celebrities | Shri Kumaran Gurujee', 'Jeevanacharya, shri kumaran swami gurujee, Jeevanacharya with celebrities', 'Jeevanacharya shri kumaran swami gurujee met various celebrities in various functions.', 'jeevanacharya-with-celebrities', 'Jeevanacharya shri kumaran swami gurujee met various celebrities in various functions held in different places.', 'gallery/categories/2017/05/SWAMI_CELEBRITIES_PHOTO_023_1491287017-min_1494333591.jpg', 5, 1, 0),
(11, '2017-04-04 09:26:21', 1, '210.18.163.133', '2017-05-04 13:23:28', 1, '210.18.150.204', 'Jeevanacharya Videos', 'Jeevanacharya Videos', 'Jeevanacharya Videos', 'Jeevanacharya Videos', 'jeevanacharya-videos', 'Jeevanacharya Videos', 'gallery/categories/2017/04/jeevanacharya_1491298603.png', 6, 1, 1),
(12, '2017-04-15 06:17:22', 1, '49.206.117.229', '2017-05-09 13:09:34', 1, '49.206.114.102', 'Jeevanacharya Meet at Central Board of Film Certification', 'Central Board of Flim Certification | Jeevanacharya', 'Jeevanacharya, shri kumaran swami gurujee, Mr.Pahlaj Nihalani, central board of film certification', 'Jeevanacharya shri kumaran swami gurujee met Mr.Pahlaj Nihalani and a meeting was held at central board of film certification.', 'jeevanacharya-meet-at-central-board-of-film-certification', 'Jeevanacharya shri kumaran swami gurujee met Mr.Pahlaj Nihalani and a meeting was held at central board of film certification.', 'gallery/categories/2017/05/Jeevanacharyacentral-board-film-certification007_1494335373.jpg', 1, 1, 0),
(22, '2017-04-17 05:20:38', 1, '49.207.185.240', '2017-04-27 12:44:22', 1, '210.18.150.204', 'Jeevanacharya Blessing Video', 'Jeevanacharya Blessing Video', 'Jeevanacharya Blessing Video', 'Jeevanacharya Blessing Video', 'jeevanacharya-blessing-video', 'Jeevanacharya Blessing Video', 'gallery/categories/2017/04/mediab3_1492406433.png', 2, 0, 1),
(23, '2017-04-20 12:12:14', 1, '210.18.146.61', '2017-05-04 09:19:22', 1, '210.18.167.176', 'Jeevanacharya Angkorwat video', 'Jeevanacharya Angkorwat video | Shri Kumaran Gurujee', 'Jeevanacharya Angkorwat video, Shri Kumaran Gurujee, worlds largest temple in Cambodia', 'Jeevanacharya visiting Angkorwat, the worlds largest temple in Cambodia and explains the experience of the divine power of lord Shiva in that place.', 'jeevanacharya-angkorwat-video', 'Jeevanacharya Shri Kumaran Swami Gurujee explains the divine experience of the power of lord shiva in Angkorwat,the world''s largest temple in cambodia. Here there are 1008 shivas under the water. There exist a divine power of lord shiva and positive vibration in the entire place.', 'gallery/categories/2017/04/mediab3_1492690374.png', 0, 1, 0),
(24, '2017-04-21 06:43:54', 1, '210.18.170.11', '2017-05-04 09:26:10', 1, '210.18.167.176', 'Jeevanacharya New Website Launch', 'Jeevanacharya New Website Launch | Shri Kumaran Gurujee', 'Jeevanacharya, shri Kumaran swami gurujee, Shri Kumaran Gurujee', 'Jeevanacharya shri kumaran swami gurujee new website has been launch.', 'jeevanacharya-new-website-launch', 'Jeevanacharya shri Kumaran swami gurujee new website has been launched.', 'gallery/categories/2017/04/Jeevanachary_a_New_Website_1492757029.jpg', 0, 1, 0),
(25, '2017-04-21 06:59:37', 1, '210.18.170.11', '2017-05-04 10:25:14', 1, '210.18.168.178', 'Jeevanacharya shri kumaran Swami gurujee Bangkok Discourse', 'Jeevanacharya shri kumaran gurujee | Bangkok Discourse', 'Jeevanacharya, shri kumaran Swami gurujee, Bangkok Discourse', 'Jeevanacharya shri kumaran swami gurujee presenting his discourse in Bangkok.', 'jeevanacharya-shri-kumaran-swami-gurujee-bangkok-discourse', 'Jeevanacharya shri kumaran swami gurujee presenting his discourse in Bangkok.', 'gallery/categories/2017/04/Jeevanacharya-shri-kumaran-Swami-gurujee-Bangkok-Discourse_1492757974.jpg', 1, 1, 0),
(26, '2017-04-21 07:07:20', 1, '210.18.170.11', '2017-05-04 10:31:58', 1, '210.18.168.178', 'Jeevanacharya Speech and Awards', 'Jeevanacharya Speech and Awards  | Shri Kumaran Gurujee', 'Shri Kumaran swami gurujee, Jeevanacharya, Jeevanacharya Speech and Awards', 'Jeevanacharya shri kumaran swami gurujee is being awarded.', 'jeevanacharya-speech-and-awards', 'Jeevanacharya shri kumaran swami gurujee is being awarded.', 'gallery/categories/2017/04/Jeevanacharya-Speech_1492758436.jpg', 1, 1, 0),
(27, '2017-04-21 07:14:08', 1, '210.18.170.11', '2017-05-04 12:06:40', 1, '210.18.168.178', 'World Peace & Adhyatma Jyotish Trust', 'World Peace & Adhyatma Jyotish Trust | Jeevanacharya', 'World Peace & Adhyatma Jyotish Trust, Jeevanacharya, shri kumaran swami gurujee, adhyatma jyotish trust press conference', 'Jeevanacharya shri kumaran swami gurujee speaking in the world peace and adhyatma jyotish trust press conference.', 'world-peace-adhyatma-jyotish-trust', 'Jeevanacharya shri kumaran swami gurujee speaking in the world peace and adhyatma jyotish trust press conference.', 'gallery/categories/2017/04/Jeevanacharya-World-Peace--Adhyatma-Jyotish-Trust-Part-1_1492758843.jpg', 1, 1, 0),
(28, '2017-04-21 07:20:19', 1, '210.18.170.11', '2017-05-04 12:12:53', 1, '210.18.168.178', 'Jeevanacharya World Peace & Adhyatma Jyotish Trust Press Conference Malaysia', 'World Peace Adhyatma Jyotish Press Conference Malaysia', 'Jeevanacharya, World Peace & Adhyatma Jyotish Trust, shri kumaran swami gurujee World Peace Adhyatma Jyotish,  Press Conference Malaysia, shri kumaran swami gurujee', 'Jeevanacharya shri kumaran swami gurujee speaks about humanity and explains how the way of life should be, how to lead our life, get succeed in our life.', 'jeevanacharya-world-peace-adhyatma-jyotish-trust-press-conference-malaysia', 'Jeevanacharya shri kumaran swami gurujee speaks about humanity and explains how the way of life should be, how to lead our life and get succeed in our life. Gurujee also explains about the vridhashramam built for senior citizens.\r\n', 'gallery/categories/2017/04/Jeevanacharya-World-Peace--Adhyatma-Jyotish-Trust-Press-Conference-Malaysia-Part-1_1492759218.jpg', 1, 1, 0),
(29, '2017-04-21 07:25:37', 1, '210.18.170.11', '2017-05-04 12:19:52', 1, '210.18.168.178', 'Jeevanacharya World Peace & Adhyatma Jyotish Trust Press Conference Ranchi', 'Jeevanacharya Press Conference | Ranchi', 'Jeevanacharya, World Peace & Adhyatma Jyotish Trust Press Conference Ranchi, Jeevanacharya Press Conference', 'Jeevanacharya shri kumaran swami gurujee''s world peace & Adhyatma Jyotish Trust press conference held in Ranchi.', 'jeevanacharya-world-peace-adhyatma-jyotish-trust-press-conference-ranchi', 'Jeevanacharya shri kumaran swami gurujee''s world peace & Adhyatma Jyotish Trust press conference held in Ranchi.', 'gallery/categories/2017/04/Jeevanacharya-World-Peace--Adhyatma-Jyotish-Trust-Press-Conference-Ranchi-part-1_1492759533.jpg', 1, 1, 0),
(30, '2017-05-13 07:33:38', 1, '49.207.187.62', '2017-05-25 12:21:16', 1, '210.18.146.182', 'Jeevanacharya - Shri Dhandayuthapani Temple, Yangon, Myanmar', 'Jeevanacharya | Shri Dhandayuthapani Temple, Myanmar', 'Jeevanacharya, Shri Dhandayuthapani Temple, Shri Dhandayuthapani Temple Yangon, Shri Dhandayuthapani Temple Myanmar, Jeevanacharya shri kumaran swami gurujee', 'Jeevanacharya shri kumaran swami gurujee in Shri Dhandayuthapani Temple Yangon, Myanmar.', 'jeevanacharya-shri-dhandayuthapani-temple-yangon-myanmar', 'Jeevanacharya shri kumaran swami gurujee in Shri Dhandayuthapani Temple Yangon, Myanmar.', 'gallery/categories/2017/05/Jeevanacharya_Annathanam_Temple_1494660839.jpeg', 1, 1, 0);

-- --------------------------------------------------------

--
-- Table structure for table `sramcms_galleries`
--

CREATE TABLE IF NOT EXISTS `sramcms_galleries` (
  `id` bigint(20) NOT NULL AUTO_INCREMENT,
  `title` varchar(255) NOT NULL,
  `description` mediumtext NOT NULL,
  `gallery_category_id` bigint(20) NOT NULL COMMENT 'Refer from gallery categories table',
  `media_type` int(11) NOT NULL COMMENT '1- Image 2 -Video 3-Video URL',
  `file_name` text NOT NULL,
  `video_thumb` text NOT NULL,
  `created_on` datetime NOT NULL,
  `created_by` bigint(20) NOT NULL,
  `created_ip` varchar(100) NOT NULL,
  `updated_on` datetime NOT NULL,
  `updated_by` bigint(20) NOT NULL,
  `updated_ip` varchar(100) NOT NULL,
  `is_order` bigint(20) NOT NULL,
  `is_delete` tinyint(4) NOT NULL,
  `is_active` tinyint(4) NOT NULL,
  PRIMARY KEY (`id`)
) ENGINE=InnoDB  DEFAULT CHARSET=latin1 AUTO_INCREMENT=149 ;

--
-- Dumping data for table `sramcms_galleries`
--

INSERT INTO `sramcms_galleries` (`id`, `title`, `description`, `gallery_category_id`, `media_type`, `file_name`, `video_thumb`, `created_on`, `created_by`, `created_ip`, `updated_on`, `updated_by`, `updated_ip`, `is_order`, `is_delete`, `is_active`) VALUES
(5, 'Jeevanacharya-Award_2014_001', 'Jeevanacharya shri kumaran swami gurujee in the sound association of india award function.', 1, 1, 'gallery/medias/images/2017/05/Jeevanacharya_Award_2014_001_1494332068.jpg', '', '2017-04-04 02:06:01', 1, '203.109.107.16', '2017-05-17 10:15:25', 1, '210.18.146.34', 0, 0, 1),
(6, 'Jeevanacharya-Award_2014_002', 'Jeevanacharya shri kumaran swami gurujee in the sound association of india award function.', 1, 1, 'gallery/medias/images/2017/05/Jeevanacharya_Award_2014_002_1494332089.jpg', '', '2017-04-04 02:08:46', 1, '203.109.107.16', '2017-05-17 10:17:51', 1, '210.18.146.34', 0, 0, 1),
(7, 'Jeevanacharya-Award_2014_003', 'Jeevanacharya shri kumaran swami gurujee in the sound association of india award function.', 1, 1, 'gallery/medias/images/2017/05/Jeevanacharya_Award_2014_003_1494332113.jpg', '', '2017-04-04 02:09:18', 1, '203.109.107.16', '2017-05-17 10:18:09', 1, '210.18.146.34', 0, 0, 1),
(8, 'Jeevanacharya-Award_2014_004', 'Jeevanacharya shri kumaran swami gurujee in the sound association of india award function.', 1, 1, 'gallery/medias/images/2017/05/Jeevanacharya_Award_2014_004_1494332138.jpg', '', '2017-04-04 02:09:49', 1, '203.109.107.16', '2017-05-17 10:18:23', 1, '210.18.146.34', 0, 0, 1),
(9, 'Jeevanacharya-Award_2014_005', 'Jeevanacharya shri kumaran swami gurujee in the sound association of india award function.', 1, 1, 'gallery/medias/images/2017/05/Jeevanacharya_Award_2014_005_1494332153.jpg', '', '2017-04-04 02:13:02', 1, '203.109.107.16', '2017-05-17 10:18:46', 1, '210.18.146.34', 0, 0, 1),
(10, 'Jeevanacharya-Award_2014_006', 'Jeevanacharya shri kumaran swami gurujee in the sound association of india award function.', 1, 1, 'gallery/medias/images/2017/05/Jeevanacharya_Award_2014_006_1494332172.jpg', '', '2017-04-04 02:13:26', 1, '203.109.107.16', '2017-05-17 10:19:00', 1, '210.18.146.34', 0, 0, 1),
(11, 'Jeevanacharya-Award_2014_007', 'Jeevanacharya shri kumaran swami gurujee in the sound association of india award function.', 1, 1, 'gallery/medias/images/2017/05/Jeevanacharya_Award_2014_007_1494332184.jpg', '', '2017-04-04 02:13:50', 1, '203.109.107.16', '2017-05-17 10:19:17', 1, '210.18.146.34', 0, 0, 1),
(12, 'Jeevanacharya-Award_2014_008', 'Jeevanacharya shri kumaran swami gurujee in the sound association of india award function.', 1, 1, 'gallery/medias/images/2017/05/Jeevanacharya_Award_2014_008_1494332198.jpg', '', '2017-04-04 02:14:14', 1, '203.109.107.16', '2017-05-17 10:19:31', 1, '210.18.146.34', 0, 0, 1),
(13, 'Jeevanacharya-Award_2014_009', 'Jeevanacharya shri kumaran swami gurujee in the sound association of india award function.', 1, 1, 'gallery/medias/images/2017/05/Jeevanacharya_Award_2014_009_1494332211.jpg', '', '2017-04-04 02:14:51', 1, '203.109.107.16', '2017-05-17 10:19:46', 1, '210.18.146.34', 0, 0, 1),
(14, 'Jeevanacharya-Award_2014_010', 'Jeevanacharya shri kumaran swami gurujee in the sound association of india award function.', 1, 1, 'gallery/medias/images/2017/05/Jeevanacharya_Award_2014_010_1494332227.jpg', '', '2017-04-04 02:15:14', 1, '203.109.107.16', '2017-05-17 10:20:02', 1, '210.18.146.34', 0, 0, 1),
(15, 'Jeevanacharya-Award_2014_011', 'Jeevanacharya shri kumaran swami gurujee in the sound association of india award function.', 1, 1, 'gallery/medias/images/2017/05/Jeevanacharya_Award_2014_011_1494332246.jpg', '', '2017-04-04 02:15:42', 1, '203.109.107.16', '2017-05-17 10:20:22', 1, '210.18.146.34', 0, 0, 1),
(16, 'Jeevanacharya-Award_2014_012', 'Jeevanacharya shri kumaran swami gurujee in the sound association of india award function.', 1, 1, 'gallery/medias/images/2017/05/Jeevanacharya_Award_2014_012_1494332259.jpg', '', '2017-04-04 02:16:05', 1, '203.109.107.16', '2017-05-17 10:20:39', 1, '210.18.146.34', 0, 0, 1),
(17, 'Jeevanacharya-Award_2014_013', 'Jeevanacharya shri kumaran swami gurujee in the sound association of india award function.', 1, 1, 'gallery/medias/images/2017/05/Jeevanacharya_Award_2014_013_1494332277.jpg', '', '2017-04-04 02:16:54', 1, '203.109.107.16', '2017-05-17 10:21:04', 1, '210.18.146.34', 0, 0, 1),
(18, 'Jeevanacharya-Award_2014_014', 'Jeevanacharya shri kumaran swami gurujee in the sound association of india award function.', 1, 1, 'gallery/medias/images/2017/05/Jeevanacharya_Award_2014_014_1494332303.jpg', '', '2017-04-04 02:17:23', 1, '203.109.107.16', '2017-05-17 10:21:25', 1, '210.18.146.34', 0, 0, 1),
(19, 'Jeevanacharya-Award_2014_015', 'Jeevanacharya shri kumaran swami gurujee in the sound association of india award function.', 1, 1, 'gallery/medias/images/2017/05/Jeevanacharya_Award_2014_015_1494332317.jpg', '', '2017-04-04 02:17:49', 1, '203.109.107.16', '2017-05-17 10:21:43', 1, '210.18.146.34', 0, 0, 1),
(20, 'Jeevanacharya-Award_2014_016', 'Jeevanacharya shri kumaran swami gurujee in the sound association of india award function.', 1, 1, 'gallery/medias/images/2017/05/Jeevanacharya_Award_2014_016_1494332330.jpg', '', '2017-04-04 02:18:10', 1, '203.109.107.16', '2017-05-17 10:21:59', 1, '210.18.146.34', 0, 0, 1),
(21, 'Jeevanacharya-Award_2014_017', 'Jeevanacharya shri kumaran swami gurujee in the sound association of india award function.', 1, 1, 'gallery/medias/images/2017/05/Jeevanacharya_Award_2014_017_1494332344.jpg', '', '2017-04-04 02:18:32', 1, '203.109.107.16', '2017-05-17 10:22:12', 1, '210.18.146.34', 0, 0, 1),
(22, 'Jeevanacharya-Award_2014_018', 'Jeevanacharya shri kumaran swami gurujee in the sound association of india award function.', 1, 1, 'gallery/medias/images/2017/05/Jeevanacharya_Award_2014_018_1494332357.jpg', '', '2017-04-04 02:18:52', 1, '203.109.107.16', '2017-05-17 10:22:28', 1, '210.18.146.34', 0, 0, 1),
(23, 'Jeevanacharya-Award_2014_019', 'Jeevanacharya shri kumaran swami gurujee in the sound association of india award function.', 1, 1, 'gallery/medias/images/2017/05/Jeevanacharya_Award_2014_019_1494332372.jpg', '', '2017-04-04 02:19:25', 1, '203.109.107.16', '2017-05-17 10:22:43', 1, '210.18.146.34', 0, 0, 1),
(24, 'Jeevanacharya-Award_2014_020', 'Jeevanacharya shri kumaran swami gurujee in the sound association of india award function.', 1, 1, 'gallery/medias/images/2017/05/Jeevanacharya_Award_2014_020_1494332386.jpg', '', '2017-04-04 02:19:49', 1, '203.109.107.16', '2017-05-17 10:22:59', 1, '210.18.146.34', 0, 0, 1),
(25, 'Jeevanacharya-Award_2014_021', 'Jeevanacharya shri kumaran swami gurujee in the sound association of india award function.', 1, 1, 'gallery/medias/images/2017/05/Jeevanacharya_Award_2014_021_1494332399.jpg', '', '2017-04-04 02:20:10', 1, '203.109.107.16', '2017-05-17 10:23:17', 1, '210.18.146.34', 0, 0, 1),
(26, 'Jeevanachrya_BHARAT_GAURAV_AWARD_2014_001', 'Jeevanacharya shri kumaran swami gurujee in the bharat gaurav achievement award function held in the year 2014.', 2, 1, 'gallery/medias/images/2017/05/JEEVANACHARYA_BHARAT_GAURAV_AWARD_2014_001_1494332541.jpg', '', '2017-04-04 02:32:47', 1, '203.109.107.16', '2017-05-17 10:25:56', 1, '210.18.146.34', 0, 0, 1),
(27, 'Jeevanachrya_BHARAT_GAURAV_AWARD_2014_002', 'Jeevanacharya shri kumaran swami gurujee in the bharat gaurav achievement award function held in the year 2014.', 2, 1, 'gallery/medias/images/2017/05/JEEVANACHARYA_BHARAT_GAURAV_AWARD_2014_002_1494332575.jpg', '', '2017-04-04 02:33:10', 1, '203.109.107.16', '2017-05-17 10:26:06', 1, '210.18.146.34', 0, 0, 1),
(28, 'Jeevanachrya_BHARAT_GAURAV_AWARD_2014_003', 'Jeevanacharya shri kumaran swami gurujee in the bharat gaurav achievement award function held in the year 2014.', 2, 1, 'gallery/medias/images/2017/05/JEEVANACHARYA_BHARAT_GAURAV_AWARD_2014_003_1494332592.jpg', '', '2017-04-04 02:33:36', 1, '203.109.107.16', '2017-05-17 10:26:20', 1, '210.18.146.34', 0, 0, 1),
(29, 'Jeevanachrya_BHARAT_GAURAV_AWARD_2014_004', 'Jeevanacharya shri kumaran swami gurujee in the bharat gaurav achievement award function held in the year 2014.', 2, 1, 'gallery/medias/images/2017/05/JEEVANACHARYA_BHARAT_GAURAV_AWARD_2014_004_1494332616.jpg', '', '2017-04-04 02:34:19', 1, '203.109.107.16', '2017-05-17 10:26:32', 1, '210.18.146.34', 0, 0, 1),
(30, 'Jeevanachrya_BHARAT_GAURAV_AWARD_2014_005', 'Jeevanacharya shri kumaran swami gurujee in the bharat gaurav achievement award function held in the year 2014.', 2, 1, 'gallery/medias/images/2017/05/JEEVANACHARYA_BHARAT_GAURAV_AWARD_2014_005_1494332637.jpg', '', '2017-04-04 02:34:39', 1, '203.109.107.16', '2017-05-17 10:26:43', 1, '210.18.146.34', 0, 0, 1),
(31, 'Jeevanachrya_BHARAT_GAURAV_AWARD_2014_006', 'Jeevanacharya shri kumaran swami gurujee in the bharat gaurav achievement award function held in the year 2014.', 2, 1, 'gallery/medias/images/2017/05/JEEVANACHARYA_BHARAT_GAURAV_AWARD_2014_006_1494332659.jpg', '', '2017-04-04 02:35:05', 1, '203.109.107.16', '2017-05-17 10:26:55', 1, '210.18.146.34', 0, 0, 1),
(32, 'Jeevanachrya_BHARAT_GAURAV_AWARD_2014_007', 'Jeevanacharya shri kumaran swami gurujee in the bharat gaurav achievement award function held in the year 2014.', 2, 1, 'gallery/medias/images/2017/05/JEEVANACHARYA_BHARAT_GAURAV_AWARD_2014_007_1494332678.jpg', '', '2017-04-04 02:35:28', 1, '203.109.107.16', '2017-05-17 10:27:07', 1, '210.18.146.34', 0, 0, 1),
(33, 'Jeevanachrya_BHARAT_GAURAV_AWARD_2014_008', 'Jeevanacharya shri kumaran swami gurujee in the bharat gaurav achievement award function held in the year 2014.', 2, 1, 'gallery/medias/images/2017/05/JEEVANACHARYA_BHARAT_GAURAV_AWARD_2014_008_1494332737.jpg', '', '2017-04-04 02:36:07', 1, '203.109.107.16', '2017-05-17 10:27:21', 1, '210.18.146.34', 0, 0, 1),
(34, 'Jeevanachrya_BHARAT_GAURAV_AWARD_2014_009', 'Jeevanacharya shri kumaran swami gurujee in the bharat gaurav achievement award function held in the year 2014.', 2, 1, 'gallery/medias/images/2017/05/JEEVANACHARYA_BHARAT_GAURAV_AWARD_2014_009_1494332759.jpg', '', '2017-04-04 02:37:02', 1, '203.109.107.16', '2017-05-17 10:27:34', 1, '210.18.146.34', 0, 0, 1),
(35, 'Jeevanachrya_BHARAT_GAURAV_AWARD_2014_010', 'Jeevanacharya shri kumaran swami gurujee in the bharat gaurav achievement award function held in the year 2014.', 2, 1, 'gallery/medias/images/2017/05/JEEVANACHARYA_BHARAT_GAURAV_AWARD_2014_010_1494332785.jpg', '', '2017-04-04 02:37:28', 1, '203.109.107.16', '2017-05-17 10:27:45', 1, '210.18.146.34', 0, 0, 1),
(36, 'Jeevanachrya_BHARAT_GAURAV_AWARD_2014_011', 'Jeevanacharya shri kumaran swami gurujee in the bharat gaurav achievement award function held in the year 2014.', 2, 1, 'gallery/medias/images/2017/05/JEEVANACHARYA_BHARAT_GAURAV_AWARD_2014_011_1494332812.jpg', '', '2017-04-04 02:37:58', 1, '203.109.107.16', '2017-05-17 10:28:16', 1, '210.18.146.34', 0, 0, 1),
(37, 'Jeevanachrya_BHARAT_GAURAV_AWARD_2014_012', 'Jeevanacharya shri kumaran swami gurujee in the bharat gaurav achievement award function held in the year 2014.', 2, 1, 'gallery/medias/images/2017/05/JEEVANACHARYA_BHARAT_GAURAV_AWARD_2014_012_1494332836.jpg', '', '2017-04-04 02:41:35', 1, '203.109.107.16', '2017-05-17 10:28:31', 1, '210.18.146.34', 0, 0, 1),
(38, 'Jeevanachrya_BHARAT_GAURAV_AWARD_2014_013', 'Jeevanacharya shri kumaran swami gurujee in the bharat gaurav achievement award function held in the year 2014.', 2, 1, 'gallery/medias/images/2017/05/JEEVANACHARYA_BHARAT_GAURAV_AWARD_2014_013_1494332870.jpg', '', '2017-04-04 02:42:00', 1, '203.109.107.16', '2017-05-17 10:28:44', 1, '210.18.146.34', 0, 0, 1),
(39, 'Jeevanachrya_BHARAT_GAURAV_AWARD_2014_014', 'Jeevanacharya shri kumaran swami gurujee in the bharat gaurav achievement award function held in the year 2014.', 2, 1, 'gallery/medias/images/2017/05/JEEVANACHARYA_BHARAT_GAURAV_AWARD_2014_014_1494332889.jpg', '', '2017-04-04 02:42:28', 1, '203.109.107.16', '2017-05-17 10:28:56', 1, '210.18.146.34', 0, 0, 1),
(40, 'Jeevanachrya_BHARAT_GAURAV_AWARD_2014_015', 'Jeevanacharya shri kumaran swami gurujee in the bharat gaurav achievement award function held in the year 2014.', 2, 1, 'gallery/medias/images/2017/05/JEEVANACHARYA_BHARAT_GAURAV_AWARD_2014_015_1494332916.jpg', '', '2017-04-04 02:43:30', 1, '203.109.107.16', '2017-05-17 10:29:16', 1, '210.18.146.34', 0, 0, 1),
(41, 'Jeevanachrya_BHARAT_GAURAV_AWARD_2014_016', 'Jeevanacharya shri kumaran swami gurujee in the bharat gaurav achievement award function held in the year 2014.', 2, 1, 'gallery/medias/images/2017/05/JEEVANACHARYA_BHARAT_GAURAV_AWARD_2014_016_1494332933.jpg', '', '2017-04-04 02:43:49', 1, '203.109.107.16', '2017-05-17 10:29:27', 1, '210.18.146.34', 0, 0, 1),
(42, 'Jeevanachrya_BHARAT_GAURAV_AWARD_2014_017', 'Jeevanacharya shri kumaran swami gurujee in the bharat gaurav achievement award function held in the year 2014.', 2, 1, 'gallery/medias/images/2017/05/JEEVANACHARYA_BHARAT_GAURAV_AWARD_2014_017_1494332948.jpg', '', '2017-04-04 02:44:07', 1, '203.109.107.16', '2017-05-17 10:29:36', 1, '210.18.146.34', 0, 0, 1),
(43, 'JEEVANACHARYA_RK_Excellence_Award_2015_001', 'Jeevanacharya shri kumaran swami gurujee in the R.Kexcellence award function held in the year 2015.', 9, 1, 'gallery/medias/images/2017/05/JEEVANACHARYA_RK_EXCELLENCE_AWARD_2015_001_1494333170.jpg', '', '2017-04-04 02:58:40', 1, '203.109.107.16', '2017-05-17 10:31:04', 1, '210.18.146.34', 0, 0, 1),
(44, 'JEEVANACHARYA_RK_Excellence_Award_2015_002', 'Jeevanacharya shri kumaran swami gurujee in the R.Kexcellence award function held in the year 2015.', 9, 1, 'gallery/medias/images/2017/05/JEEVANACHARYA_RK_EXCELLENCE_AWARD_2015_002_1494333185.jpg', '', '2017-04-04 02:59:12', 1, '203.109.107.16', '2017-05-17 10:31:14', 1, '210.18.146.34', 0, 0, 1),
(45, 'JEEVANACHARYA_RK_Excellence_Award_2015_003', 'Jeevanacharya shri kumaran swami gurujee in the R.Kexcellence award function held in the year 2015.', 9, 1, 'gallery/medias/images/2017/05/JEEVANACHARYA_RK_EXCELLENCE_AWARD_2015_003_1494333215.jpg', '', '2017-04-04 02:59:30', 1, '203.109.107.16', '2017-05-17 10:31:24', 1, '210.18.146.34', 0, 0, 1),
(46, 'JEEVANACHARYA_RK_Excellence_Award_2015_004', 'Jeevanacharya shri kumaran swami gurujee in the R.Kexcellence award function held in the year 2015.', 9, 1, 'gallery/medias/images/2017/05/JEEVANACHARYA_RK_EXCELLENCE_AWARD_2015_004_1494333230.jpg', '', '2017-04-04 03:00:01', 1, '203.109.107.16', '2017-05-17 10:31:37', 1, '210.18.146.34', 0, 0, 1),
(47, 'JEEVANACHARYA_RK_Excellence_Award_2015_005', 'Jeevanacharya shri kumaran swami gurujee in the R.Kexcellence award function held in the year 2015.', 9, 1, 'gallery/medias/images/2017/05/JEEVANACHARYA_RK_EXCELLENCE_AWARD_2015_005_1494333253.jpg', '', '2017-04-04 03:00:26', 1, '203.109.107.16', '2017-05-17 10:31:55', 1, '210.18.146.34', 0, 0, 1),
(48, 'JEEVANACHARYA_RK_Excellence_Award_2015_006', 'Jeevanacharya shri kumaran swami gurujee in the R.Kexcellence award function held in the year 2015.', 9, 1, 'gallery/medias/images/2017/05/JEEVANACHARYA_RK_EXCELLENCE_AWARD_2015_006_1494333280.jpg', '', '2017-04-04 03:00:45', 1, '203.109.107.16', '2017-05-17 10:32:06', 1, '210.18.146.34', 0, 0, 1),
(49, 'JEEVANACHARYA_RK_Excellence_Award_2015_007', 'Jeevanacharya shri kumaran swami gurujee in the R.Kexcellence award function held in the year 2015.', 9, 1, 'gallery/medias/images/2017/05/JEEVANACHARYA_RK_EXCELLENCE_AWARD_2015_007_1494333308.jpg', '', '2017-04-04 03:01:08', 1, '203.109.107.16', '2017-05-17 10:32:16', 1, '210.18.146.34', 0, 0, 1),
(50, 'JEEVANACHARYA_RK_Excellence_Award_2015_008', 'Jeevanacharya shri kumaran swami gurujee in the R.Kexcellence award function held in the year 2015.', 9, 1, 'gallery/medias/images/2017/05/JEEVANACHARYA_RK_EXCELLENCE_AWARD_2015_008_1494333327.jpg', '', '2017-04-04 03:01:35', 1, '203.109.107.16', '2017-05-17 10:32:26', 1, '210.18.146.34', 0, 0, 1),
(51, 'JEEVANACHARYA_RK_Excellence_Award_2015_009', 'Jeevanacharya shri kumaran swami gurujee in the R.Kexcellence award function held in the year 2015.', 9, 1, 'gallery/medias/images/2017/05/JEEVANACHARYA_RK_EXCELLENCE_AWARD_2015_009_1494333357.jpg', '', '2017-04-04 03:02:13', 1, '203.109.107.16', '2017-05-17 10:32:37', 1, '210.18.146.34', 0, 0, 1),
(52, 'JEEVANACHARYA_RK_Excellence_Award_2015_010', 'Jeevanacharya shri kumaran swami gurujee in the R.Kexcellence award function held in the year 2015.', 9, 1, 'gallery/medias/images/2017/05/JEEVANACHARYA_RK_EXCELLENCE_AWARD_2015_010_1494333386.jpg', '', '2017-04-04 03:02:37', 1, '203.109.107.16', '2017-05-17 10:32:52', 1, '210.18.146.34', 0, 0, 1),
(53, 'JEEVANACHARYA_RK_Excellence_Award_2015_011', 'Jeevanacharya shri kumaran swami gurujee in the R.Kexcellence award function held in the year 2015.', 9, 1, 'gallery/medias/images/2017/05/JEEVANACHARYA_RK_EXCELLENCE_AWARD_2015_011_1494333409.jpg', '', '2017-04-04 03:03:31', 1, '203.109.107.16', '2017-05-17 10:33:03', 1, '210.18.146.34', 0, 0, 1),
(54, 'JEEVANACHARYA_RK_Excellence_Award_2015_012', 'Jeevanacharya shri kumaran swami gurujee in the R.Kexcellence award function held in the year 2015.', 9, 1, 'gallery/medias/images/2017/05/JEEVANACHARYA_RK_EXCELLENCE_AWARD_2015_012_1494333428.jpg', '', '2017-04-04 03:07:59', 1, '203.109.107.16', '2017-05-17 10:33:13', 1, '210.18.146.34', 0, 0, 1),
(55, 'JEEVANACHARYA_RK_Excellence_Award_2015_013', 'Jeevanacharya shri kumaran swami gurujee in the R.Kexcellence award function held in the year 2015.', 9, 1, 'gallery/medias/images/2017/05/JEEVANACHARYA_RK_EXCELLENCE_AWARD_2015_013_1494333446.jpg', '', '2017-04-04 03:08:26', 1, '203.109.107.16', '2017-05-17 10:33:23', 1, '210.18.146.34', 0, 0, 1),
(56, 'JEEVANACHARYA_RK_Excellence_Award_2015_014', 'Jeevanacharya shri kumaran swami gurujee in the R.Kexcellence award function held in the year 2015.', 9, 1, 'gallery/medias/images/2017/05/JEEVANACHARYA_RK_EXCELLENCE_AWARD_2015_014_1494333465.jpg', '', '2017-04-04 03:08:57', 1, '203.109.107.16', '2017-05-17 10:33:34', 1, '210.18.146.34', 0, 0, 1),
(57, 'JEEVANACHARYA_SWAMI_CELEBRITIES_PHOTO_001', 'Jeevanacharya shri kumaran swami gurujee met celebrities in various functions.', 10, 1, 'gallery/medias/images/2017/05/JEEVANACHARYA_SWAMI_CELEBRITIES_PHOTO_001_1494333630.jpg', '', '2017-04-04 05:50:21', 1, '210.18.149.216', '2017-05-17 10:56:20', 1, '210.18.146.34', 0, 0, 1),
(58, 'JEEVANACHARYA_SWAMI_CELEBRITIES_PHOTO_002', 'Jeevanacharya shri kumaran swami gurujee met celebrities in various functions.', 10, 1, 'gallery/medias/images/2017/05/JEEVANACHARYA_SWAMI_CELEBRITIES_PHOTO_002_1494333647.jpg', '', '2017-04-04 05:50:50', 1, '210.18.149.216', '2017-05-17 10:56:59', 1, '210.18.146.34', 0, 0, 1),
(59, 'JEEVANACHARYA_SWAMI_CELEBRITIES_PHOTO_003', 'Jeevanacharya shri kumaran swami gurujee met celebrities in various functions.', 10, 1, 'gallery/medias/images/2017/05/JEEVANACHARYA_SWAMI_CELEBRITIES_PHOTO_003_1494333665.jpg', '', '2017-04-04 05:51:13', 1, '210.18.149.216', '2017-05-17 10:57:21', 1, '210.18.146.34', 0, 0, 1),
(60, 'JEEVANACHARYA_SWAMI_CELEBRITIES_PHOTO_004', 'Jeevanacharya shri kumaran swami gurujee met celebrities in various functions.', 10, 1, 'gallery/medias/images/2017/05/JEEVANACHARYA_SWAMI_CELEBRITIES_PHOTO_004_1494333683.jpg', '', '2017-04-04 05:51:31', 1, '210.18.149.216', '2017-05-17 10:57:31', 1, '210.18.146.34', 0, 0, 1),
(61, 'JEEVANACHARYA_SWAMI_CELEBRITIES_PHOTO_005', 'Jeevanacharya shri kumaran swami gurujee met celebrities in various functions.', 10, 1, 'gallery/medias/images/2017/05/JEEVANACHARYA_SWAMI_CELEBRITIES_PHOTO_005_1494333701.jpg', '', '2017-04-04 05:51:46', 1, '210.18.149.216', '2017-05-17 10:57:45', 1, '210.18.146.34', 0, 0, 1),
(62, 'JEEVANACHARYA_SWAMI_CELEBRITIES_PHOTO_006', 'Jeevanacharya shri kumaran swami gurujee met celebrities in various functions.', 10, 1, 'gallery/medias/images/2017/05/JEEVANACHARYA_SWAMI_CELEBRITIES_PHOTO_006_1494333742.jpg', '', '2017-04-04 05:52:07', 1, '210.18.149.216', '2017-05-17 10:57:59', 1, '210.18.146.34', 0, 0, 1),
(63, 'JEEVANACHARYA_SWAMI_CELEBRITIES_PHOTO_007', 'Jeevanacharya shri kumaran swami gurujee met celebrities in various functions.', 10, 1, 'gallery/medias/images/2017/05/JEEVANACHARYA_SWAMI_CELEBRITIES_PHOTO_007_1494333760.jpg', '', '2017-04-04 05:52:21', 1, '210.18.149.216', '2017-05-17 10:58:13', 1, '210.18.146.34', 0, 0, 1),
(64, 'JEEVANACHARYA_SWAMI_CELEBRITIES_PHOTO_008', 'Jeevanacharya shri kumaran swami gurujee met celebrities in various functions.', 10, 1, 'gallery/medias/images/2017/05/JEEVANACHARYA_SWAMI_CELEBRITIES_PHOTO_008_1494333778.jpg', '', '2017-04-04 05:53:09', 1, '210.18.149.216', '2017-05-17 10:58:26', 1, '210.18.146.34', 0, 0, 1),
(65, 'JEEVANACHARYA_SWAMI_CELEBRITIES_PHOTO_009', 'Jeevanacharya shri kumaran swami gurujee met celebrities in various functions.', 10, 1, 'gallery/medias/images/2017/05/JEEVANACHARYA_SWAMI_CELEBRITIES_PHOTO_009_1494333803.jpg', '', '2017-04-04 05:53:25', 1, '210.18.149.216', '2017-05-17 10:58:39', 1, '210.18.146.34', 0, 0, 1),
(66, 'JEEVANACHARYA_SWAMI_CELEBRITIES_PHOTO_010', 'Jeevanacharya shri kumaran swami gurujee met celebrities in various functions.', 10, 1, 'gallery/medias/images/2017/05/JEEVANACHARYA_SWAMI_CELEBRITIES_PHOTO_010_1494333828.jpg', '', '2017-04-04 05:53:38', 1, '210.18.149.216', '2017-05-17 10:59:04', 1, '210.18.146.34', 0, 0, 1),
(67, 'JEEVANACHARYA_SWAMI_CELEBRITIES_PHOTO_011', 'Jeevanacharya shri kumaran swami gurujee met celebrities in various functions.', 10, 1, 'gallery/medias/images/2017/05/JEEVANACHARYA_SWAMI_CELEBRITIES_PHOTO_011_1494333847.jpg', '', '2017-04-04 05:53:52', 1, '210.18.149.216', '2017-05-17 10:59:50', 1, '210.18.146.34', 0, 0, 1),
(69, 'JEEVANACHARYA_SWAMI_CELEBRITIES_PHOTO_012', 'Jeevanacharya shri kumaran swami gurujee met celebrities in various functions.', 10, 1, 'gallery/medias/images/2017/05/JEEVANACHARYA_SWAMI_CELEBRITIES_PHOTO_012_1494333864.jpg', '', '2017-04-04 06:08:41', 1, '210.18.149.216', '2017-05-17 11:00:02', 1, '210.18.146.34', 0, 0, 1),
(70, 'JEEVANACHARYA_SWAMI_CELEBRITIES_PHOTO_013', 'Jeevanacharya shri kumaran swami gurujee met celebrities in various functions.', 10, 1, 'gallery/medias/images/2017/05/JEEVANACHARYA_SWAMI_CELEBRITIES_PHOTO_013_1494333884.jpg', '', '2017-04-04 06:21:29', 1, '210.18.149.216', '2017-05-17 11:00:15', 1, '210.18.146.34', 0, 0, 1),
(71, 'JEEVANACHARYA_SWAMI_CELEBRITIES_PHOTO_014', 'Jeevanacharya shri kumaran swami gurujee met celebrities in various functions.', 10, 1, 'gallery/medias/images/2017/05/JEEVANACHARYA_SWAMI_CELEBRITIES_PHOTO_014_1494333902.jpg', '', '2017-04-04 06:21:43', 1, '210.18.149.216', '2017-05-17 11:00:29', 1, '210.18.146.34', 0, 0, 1),
(72, 'JEEVANACHARYA_SWAMI_CELEBRITIES_PHOTO_015', 'Jeevanacharya shri kumaran swami gurujee met celebrities in various functions.', 10, 1, 'gallery/medias/images/2017/05/JEEVANACHARYA_SWAMI_CELEBRITIES_PHOTO_015_1494333922.jpg', '', '2017-04-04 06:21:57', 1, '210.18.149.216', '2017-05-17 11:00:43', 1, '210.18.146.34', 0, 0, 1),
(73, 'JEEVANACHARYA_SWAMI_CELEBRITIES_PHOTO_016', 'Jeevanacharya shri kumaran swami gurujee met celebrities in various functions.', 10, 1, 'gallery/medias/images/2017/05/JEEVANACHARYA_SWAMI_CELEBRITIES_PHOTO_016_1494333944.jpg', '', '2017-04-04 06:22:10', 1, '210.18.149.216', '2017-05-17 11:01:00', 1, '210.18.146.34', 0, 0, 1),
(74, 'JEEVANACHARYA_SWAMI_CELEBRITIES_PHOTO_017', 'Jeevanacharya shri kumaran swami gurujee met celebrities in various functions.', 10, 1, 'gallery/medias/images/2017/05/JEEVANACHARYA_SWAMI_CELEBRITIES_PHOTO_017_1494333963.jpg', '', '2017-04-04 06:22:22', 1, '210.18.149.216', '2017-05-17 11:01:16', 1, '210.18.146.34', 0, 0, 1),
(75, 'JEEVANACHARYA_SWAMI_CELEBRITIES_PHOTO_018', 'Jeevanacharya shri kumaran swami gurujee met celebrities in various functions.', 10, 1, 'gallery/medias/images/2017/05/JEEVANACHARYA_SWAMI_CELEBRITIES_PHOTO_018_1494333979.jpg', '', '2017-04-04 06:22:35', 1, '210.18.149.216', '2017-05-17 11:01:41', 1, '210.18.146.34', 0, 0, 1),
(76, 'JEEVANACHARYA_SWAMI_CELEBRITIES_PHOTO_019', 'Jeevanacharya shri kumaran swami gurujee met celebrities in various functions.', 10, 1, 'gallery/medias/images/2017/05/JEEVANACHARYA_SWAMI_CELEBRITIES_PHOTO_019_1494334005.jpg', '', '2017-04-04 06:22:51', 1, '210.18.149.216', '2017-05-17 11:01:56', 1, '210.18.146.34', 0, 0, 1),
(77, 'JEEVANACHARYA_SWAMI_CELEBRITIES_PHOTO_020', 'Jeevanacharya shri kumaran swami gurujee met celebrities in various functions.', 10, 1, 'gallery/medias/images/2017/05/JEEVANACHARYA_SWAMI_CELEBRITIES_PHOTO_020_1494334051.jpg', '', '2017-04-04 06:23:04', 1, '210.18.149.216', '2017-05-17 11:02:10', 1, '210.18.146.34', 0, 0, 1),
(78, 'JEEVANACHARYA_SWAMI_CELEBRITIES_PHOTO_021', 'Jeevanacharya shri kumaran swami gurujee met celebrities in various functions.', 10, 1, 'gallery/medias/images/2017/05/JEEVANACHARYA_SWAMI_CELEBRITIES_PHOTO_021_1494334069.jpg', '', '2017-04-04 06:23:17', 1, '210.18.149.216', '2017-05-17 11:02:27', 1, '210.18.146.34', 0, 0, 1),
(79, 'JEEVANACHARYA_SWAMI_CELEBRITIES_PHOTO_022', 'Jeevanacharya shri kumaran swami gurujee met celebrities in various functions.', 10, 1, 'gallery/medias/images/2017/05/SWAMI_CELEBRITIES_PHOTO_022_1491287005-min_1494334085.jpg', '', '2017-04-04 06:23:30', 1, '210.18.149.216', '2017-05-17 11:02:53', 1, '210.18.146.34', 0, 0, 1),
(80, 'JEEVANACHARYA_SWAMI_CELEBRITIES_PHOTO_023', 'Jeevanacharya shri kumaran swami gurujee met celebrities in various functions.', 10, 1, 'gallery/medias/images/2017/05/SWAMI_CELEBRITIES_PHOTO_023_1491287017-min_1494334099.jpg', '', '2017-04-04 06:23:43', 1, '210.18.149.216', '2017-05-17 11:03:05', 1, '210.18.146.34', 0, 0, 1),
(81, 'Jeevanacharya New Website Launch', 'Jeevanacharya New Website Launch', 11, 3, 'https://www.youtube.com/embed/F7-yKoSvOwg', 'gallery/medias/thumbs/2017/04/Jeevanacharya-New-Website-Launch_2283816f_1493360505.jpg', '2017-04-04 09:27:03', 1, '210.18.163.133', '2017-04-21 07:27:42', 1, '210.18.144.237', 0, 0, 0),
(82, 'Bangkok Discourse', 'Bangkok Discourse', 11, 3, 'https://www.youtube.com/embed/iMyggnXK8h8', 'gallery/medias/thumbs/2017/04/Bangkok-Discourse_2283816f_1493360505.jpg', '2017-04-04 09:27:47', 1, '210.18.163.133', '2017-04-21 07:27:42', 1, '', 0, 0, 0),
(83, 'Jeevanacharya Speech and Awards', 'Jeevanacharya Speech and Awards', 11, 3, 'https://www.youtube.com/embed/wYNs4fCLIvA', 'gallery/medias/thumbs/2017/04/Jeevanacharya-Speech-and-Awards_2283816f_1493360505.jpg', '2017-04-05 06:05:20', 1, '210.18.144.237', '2017-04-21 07:27:42', 1, '', 0, 0, 0),
(84, 'World Peace & Adhyatma Jyotish Trust', 'World Peace & Adhyatma Jyotish Trust', 11, 3, 'https://www.youtube.com/embed/gx-cn2v4Q6Y', 'gallery/medias/thumbs/2017/04/World-Peace-Adhyatma-Jyotish-Trust_2283816f_1493360505.jpg', '2017-04-05 11:50:10', 1, '49.206.113.9', '2017-04-21 07:27:42', 1, '210.18.148.245', 0, 0, 0),
(85, 'Jeevanacharya World Peace & Adhyatma Jyotish Trust - Press Conference Malaysia', 'Jeevanacharya World Peace & Adhyatma Jyotish Trust - Press Conference Malaysia', 11, 3, 'https://www.youtube.com/embed/O2CWp3NCLuM', 'gallery/medias/thumbs/2017/04/Jeevanacharya-World-Peace-Adhyatma-Jyotish-Trust-Press-Conference-Malaysia_2283816f_1493360505.jpg', '2017-04-05 12:16:56', 1, '49.206.113.9', '2017-04-21 07:27:42', 1, '210.18.148.245', 0, 0, 0),
(86, 'Jeevanacharya World Peace & Adhyatma Jyotish Trust Press Conference Ranchi', 'Jeevanacharya World Peace & Adhyatma Jyotish Trust Press Conference Ranchi', 11, 3, 'https://www.youtube.com/embed/scLQYljM4Qo', 'gallery/medias/thumbs/2017/04/Jeevanacharya-World-Peace-Adhyatma-Jyotish-Trust-Press-Conference-Ranchi_2283816f_1493360505.jpg', '2017-04-11 14:01:45', 1, '210.18.172.201', '2017-04-21 07:27:42', 1, '', 0, 0, 0),
(87, 'jeevanacharya-central-board-film-certification001', 'Jeevanacharya shri kumaran swami gurujee in the central board of film certification function.', 12, 1, 'gallery/medias/images/2017/05/jeevanacharya-central-board-film-certification001_1494335473.jpg', '', '2017-04-15 06:27:48', 1, '49.206.117.229', '2017-05-17 12:58:29', 1, '210.18.146.34', 0, 0, 1),
(88, 'jeevanacharya-central-board-film-certification002', 'Jeevanacharya shri kumaran swami gurujee in the central board of film certification function.', 12, 1, 'gallery/medias/images/2017/05/jeevanacharya-central-board-film-certification002_1494335493.jpg', '', '2017-04-15 06:28:50', 1, '49.206.117.229', '2017-05-17 12:58:59', 1, '210.18.146.34', 0, 0, 1),
(89, 'jeevanacharya-central-board-film-certification003', 'Jeevanacharya shri kumaran swami gurujee in the central board of film certification function.', 12, 1, 'gallery/medias/images/2017/05/jeevanacharya-central-board-film-certification003_1494335511.jpg', '', '2017-04-15 06:29:12', 1, '49.206.117.229', '2017-05-17 12:59:13', 1, '210.18.146.34', 0, 0, 1),
(90, 'jeevanacharya-central-board-film-certification004', 'Jeevanacharya shri kumaran swami gurujee in the central board of film certification function.', 12, 1, 'gallery/medias/images/2017/05/jeevanacharya-central-board-film-certification004_1494335560.jpg', '', '2017-04-15 06:29:30', 1, '49.206.117.229', '2017-05-17 12:59:23', 1, '210.18.146.34', 0, 0, 1),
(91, 'jeevanacharya-central-board-film-certification005', 'Jeevanacharya shri kumaran swami gurujee in the central board of film certification function.', 12, 1, 'gallery/medias/images/2017/05/jeevanacharya-central-board-film-certification005_1494335581.jpg', '', '2017-04-15 06:29:49', 1, '49.206.117.229', '2017-05-17 12:59:33', 1, '210.18.146.34', 0, 0, 1),
(92, 'jeevanacharya-central-board-film-certification006', 'Jeevanacharya shri kumaran swami gurujee in the central board of film certification function.', 12, 1, 'gallery/medias/images/2017/05/jeevanacharya-central-board-film-certification006_1494335601.jpg', '', '2017-04-15 06:30:08', 1, '49.206.117.229', '2017-05-17 12:59:45', 1, '210.18.146.34', 0, 0, 1),
(93, 'jeevanacharya-central-board-film-certification007', 'Jeevanacharya shri kumaran swami gurujee in the central board of film certification function.', 12, 1, 'gallery/medias/images/2017/05/jeevanacharya-central-board-film-certification008_1494335870.jpg', '', '2017-04-15 06:30:29', 1, '49.206.117.229', '2017-05-17 12:59:56', 1, '210.18.146.34', 0, 0, 1),
(94, 'jeevanacharya-central-board-film-certification008', 'Jeevanacharya shri kumaran swami gurujee in the central board of film certification function.', 12, 1, 'gallery/medias/images/2017/05/jeevanacharya-central-board-film-certification009_1494335885.jpg', '', '2017-04-15 06:31:12', 1, '49.206.117.229', '2017-05-17 13:00:09', 1, '210.18.146.34', 0, 0, 1),
(95, 'jeevanacharya-central-board-film-certification009', 'Jeevanacharya shri kumaran swami gurujee in the central board of film certification function.', 12, 1, 'gallery/medias/images/2017/05/jeevanacharya-central-board-film-certification010_1494335915.jpg', '', '2017-04-15 06:31:33', 1, '49.206.117.229', '2017-05-17 13:00:21', 1, '210.18.146.34', 0, 0, 1),
(96, 'Jeevanacharya Blessing Video', 'Jeevanacharya Blessing Video', 22, 2, 'gallery/medias/videos/2017/04/jeevanacharya-blessing-video_1492419658.mp4', '', '2017-04-17 05:35:43', 1, '49.207.185.240', '2017-04-17 09:01:09', 1, '49.207.185.240', 1, 0, 1),
(97, 'Jeevanacharya Video', 'Jeevanacharya Video', 22, 2, 'gallery/medias/videos/2017/04/jeevanacharya-video_1492419076.mp4', '', '2017-04-17 08:51:35', 1, '49.207.185.240', '0000-00-00 00:00:00', 0, '', 0, 0, 1),
(98, 'Jeevanacharya Blessing', 'Jeevanacharya Blessing', 22, 2, 'gallery/medias/videos/2017/04/jeevanacharya-blessing-video01_1492419410.mp4', '', '2017-04-17 08:56:59', 1, '49.207.185.240', '0000-00-00 00:00:00', 0, '', 0, 0, 1),
(99, 'jeevanacharya blessing video', 'jeevanacharya blessing video', 22, 2, 'gallery/medias/videos/2017/04/jeevanacharya-blessing-video02_1492424554.mp4', '', '2017-04-17 10:22:43', 1, '49.207.185.240', '0000-00-00 00:00:00', 0, '', 0, 0, 1),
(100, 'jeevanacharya video', 'jeevanacharya video', 22, 2, 'gallery/medias/videos/2017/04/jeevanacharya-blessing-video03_1492424702.mp4', '', '2017-04-17 10:25:25', 1, '49.207.185.240', '0000-00-00 00:00:00', 0, '', 0, 0, 1),
(101, 'jeevanacharya blessing', 'jeevanacharya blessing', 22, 2, 'gallery/medias/videos/2017/04/jeevanacharya-blessing-video05_1492424794.mp4', '', '2017-04-17 10:26:47', 1, '49.207.185.240', '0000-00-00 00:00:00', 0, '', 0, 0, 1),
(102, 'Jeevanacharya video', 'Jeevanacharya video', 22, 2, 'gallery/medias/videos/2017/04/jeevanacharya-blessing-video04_1492425181.mp4', '', '2017-04-17 10:33:20', 1, '49.207.185.240', '0000-00-00 00:00:00', 0, '', 0, 0, 1),
(103, 'Jeevanacharya Experiencing the power of lord shiva in Angkorwat', 'Jeevanacharya shri kumaran swami gurujee visiting Angkorwat, the world\\''s largest temple in Cambodia.', 23, 3, 'https://www.youtube.com/embed/2zDuyCsqsiQ', 'gallery/medias/thumbs/2017/04/Jeevanacharya-Experiencing-the-power-of-lord-shiva-in-Angkorwat_2283816f_1493360505.jpg', '2017-04-20 12:13:49', 1, '210.18.146.61', '2017-05-18 09:19:04', 1, '49.207.184.130', 1, 0, 1),
(104, 'Jeevanacharya New Website Launch', 'Jeevanacharya shri kumaran swami gurujee new website has been launched.', 24, 3, 'https://www.youtube.com/embed/F7-yKoSvOwg', 'gallery/medias/thumbs/2017/04/Jeevanacharya-shri-kumaran-swami-gurujee-new-website-has-been-launched_2283816f_1493360505.jpg', '2017-04-21 06:45:58', 1, '210.18.170.11', '2017-05-17 11:13:48', 1, '210.18.146.34', 0, 0, 1),
(105, 'Jeevanacharya shri kumaran Swami gurujee Bangkok Discourse', 'Jeevanacharya shri kumaran swami gurujee\\''s discourse in Bangkok.', 25, 3, 'https://www.youtube.com/embed/iMyggnXK8h8', 'gallery/medias/thumbs/2017/04/Jeevanacharya-shri-kumaran-Swami-gurujee-presenting-his-discourse-in-Bangkok_2283816f_1493360505.jpg', '2017-04-21 07:00:13', 1, '210.18.170.11', '2017-05-17 11:14:24', 1, '210.18.146.34', 1, 0, 1),
(106, 'Jeevanacharya Speech', 'Jeevanacharya shri kumaran swami gurujee is getting award and giving speech.', 26, 3, 'https://www.youtube.com/embed/wYNs4fCLIvA', 'gallery/medias/thumbs/2017/04/Jeevanacharya-Speech_2672874f_1493450601.jpg', '2017-04-21 07:08:00', 1, '210.18.170.11', '2017-05-17 11:15:01', 1, '210.18.146.34', 1, 0, 1),
(107, 'World Peace & Adhyatma Jyotish Trust Part 1', 'Jeevanacharya shri kumaran swami gurujee in the world peace adhyatma & Jyotish trust press conference.', 27, 3, 'https://www.youtube.com/embed/tcYoDaLdtQM', 'gallery/medias/thumbs/2017/04/Jeevanacharya-shri-kumaran-swami-gurujee-speaking-in-the-world-peace-Adhyatma-jyotish-trust-press_2283816f_1493360505.jpg', '2017-04-21 07:15:04', 1, '210.18.170.11', '2017-05-17 11:16:11', 1, '210.18.146.34', 1, 0, 1),
(108, 'Jeevanacharya World Peace & Adhyatma Jyotish Trust Press Conference Malaysia Part 1', 'Jeevanacharya shri kumaran swami gurujee in the world peace adhyatma & Jyotish trust press conference held in Malaysia.', 28, 3, 'https://www.youtube.com/embed/QhCbgjrJiO4', 'gallery/medias/thumbs/2017/04/Jevanacharya-shri-kumaran-swami-gurujee-speaks-about-his-vridhaashramam-built-for-elders-and-gurujee_2283816f_1493360505.jpg', '2017-04-21 07:21:08', 1, '210.18.170.11', '2017-05-17 11:17:45', 1, '210.18.146.34', 1, 0, 1),
(109, 'Jeevanacharya World Peace & Adhyatma Jyotish Trust Press Conference Ranchi part 1', 'Jeevanacharya shri kumaran swami gurujee in the world peace adhyatma & Jyotish trust press conference held in Ranchi.', 29, 3, 'https://www.youtube.com/embed/scLQYljM4Qo', 'gallery/medias/thumbs/2017/04/jeevanacharya-World-Peace-dhyatma-Jyotish-Trust-Press-Conference-Ranchi-part-1_2283816f_1493360505.jpg', '2017-04-21 07:26:10', 1, '210.18.170.11', '2017-05-17 11:23:33', 1, '210.18.146.34', 1, 0, 1),
(110, '', '', 1, 1, 'gallery/medias/images/2017/05/IMG-20170511-WA0006_1494565655.jpg', '', '2017-05-12 05:07:35', 0, '', '2017-05-17 10:23:28', 1, '', 0, 1, 1),
(111, 'Jeevanacharya - Shri Dhandayuthapani Temple, Yangon, Myanmar', 'Jeevanacharya - Shri Dhandayuthapani Temple, Yangon, Myanmar', 30, 1, 'gallery/medias/images/2017/05/Dhandayuthapani_Temple_1494660874.jpeg', '', '2017-05-13 07:34:47', 1, '49.207.187.62', '2017-05-13 10:02:15', 1, '', 0, 1, 1),
(112, 'Jeevanacharya - Shri Dhandayuthapani Temple, Yangon, Myanmar', 'Jeevanacharya - Shri Dhandayuthapani Temple, Yangon, Myanmar', 30, 1, 'gallery/medias/images/2017/05/Dhandayuthapani_Temple_1494660897.jpg', '', '2017-05-13 07:35:18', 1, '49.207.187.62', '2017-05-13 10:02:17', 1, '', 0, 1, 1),
(113, 'Jeevanacharya - Shri Dhandayuthapani Temple, Yangon, Myanmar', 'Jeevanacharya - Shri Dhandayuthapani Temple, Yangon, Myanmar', 30, 1, 'gallery/medias/images/2017/05/Dhandayuthapani_1494660929.jpg', '', '2017-05-13 07:35:32', 1, '49.207.187.62', '2017-05-13 10:02:19', 1, '', 0, 1, 1),
(114, 'Jeevanacharya - Shri Dhandayuthapani Temple, Yangon, Myanmar', 'Jeevanacharya - Shri Dhandayuthapani Temple, Yangon, Myanmar', 30, 1, 'gallery/medias/images/2017/05/Dhandayuthapani_Temple_1494660943.jpeg', '', '2017-05-13 07:35:46', 1, '49.207.187.62', '2017-05-13 10:02:20', 1, '', 0, 1, 1),
(115, 'Jeevanacharya - Shri Dhandayuthapani Temple, Yangon, Myanmar', 'Jeevanacharya - Shri Dhandayuthapani Temple, Yangon, Myanmar', 30, 1, 'gallery/medias/images/2017/05/Jeevanacharya_Myanmar_1494660958.jpeg', '', '2017-05-13 07:36:04', 1, '49.207.187.62', '2017-05-13 10:02:22', 1, '', 0, 1, 1),
(116, 'Jeevanacharya - Shri Dhandayuthapani Temple, Yangon, Myanmar', 'Jeevanacharya - Shri Dhandayuthapani Temple, Yangon, Myanmar', 30, 1, 'gallery/medias/images/2017/05/Jeevanacharya_Annathanam_Blessing_1494660973.jpeg', '', '2017-05-13 07:36:15', 1, '49.207.187.62', '2017-05-13 10:02:24', 1, '', 0, 1, 1),
(117, 'Jeevanacharya - Shri Dhandayuthapani Temple, Yangon, Myanmar', 'Jeevanacharya - Shri Dhandayuthapani Temple, Yangon, Myanmar', 30, 1, 'gallery/medias/images/2017/05/Jeevanacharya_Annathanam_Scheme_1494660986.jpeg', '', '2017-05-13 07:36:29', 1, '49.207.187.62', '2017-05-13 10:02:25', 1, '', 0, 1, 1),
(118, 'Jeevanacharya - Shri Dhandayuthapani Temple, Yangon, Myanmar', 'Jeevanacharya - Shri Dhandayuthapani Temple, Yangon, Myanmar', 30, 1, 'gallery/medias/images/2017/05/Jeevanacharya_Annathanam1_1494660999.jpeg', '', '2017-05-13 07:36:40', 1, '49.207.187.62', '2017-05-13 10:02:27', 1, '', 0, 1, 1),
(119, 'Jeevanacharya - Shri Dhandayuthapani Temple, Yangon, Myanmar', 'Jeevanacharya - Shri Dhandayuthapani Temple, Yangon, Myanmar', 30, 1, 'gallery/medias/images/2017/05/Jeevanacharya_Annathanam2_1494661009.jpeg', '', '2017-05-13 07:36:51', 1, '49.207.187.62', '2017-05-13 10:02:29', 1, '', 0, 1, 1),
(120, 'Jeevanacharya - Shri Dhandayuthapani Temple, Yangon, Myanmar', 'Jeevanacharya - Shri Dhandayuthapani Temple, Yangon, Myanmar', 30, 1, 'gallery/medias/images/2017/05/Jeevanacharya_Blessing_1494661023.jpeg', '', '2017-05-13 07:37:05', 1, '49.207.187.62', '2017-05-13 10:02:31', 1, '', 0, 1, 1),
(121, 'Jeevanacharya - Shri Dhandayuthapani Temple, Yangon, Myanmar', 'Jeevanacharya - Shri Dhandayuthapani Temple, Yangon, Myanmar', 30, 1, 'gallery/medias/images/2017/05/Jeevanacharya_Dhandayuthapani_1494661042.jpeg', '', '2017-05-13 07:37:26', 1, '49.207.187.62', '2017-05-13 10:02:32', 1, '', 0, 1, 1),
(122, 'Jeevanacharya - Shri Dhandayuthapani Temple, Yangon, Myanmar', 'Jeevanacharya - Shri Dhandayuthapani Temple, Yangon, Myanmar', 30, 1, 'gallery/medias/images/2017/05/jeevanacharya_Dhandayuthapani_Temple_1494661056.jpeg', '', '2017-05-13 07:37:38', 1, '49.207.187.62', '2017-05-13 10:02:34', 1, '', 0, 1, 1),
(123, 'Jeevanacharya - Shri Dhandayuthapani Temple, Yangon, Myanmar', 'Jeevanacharya - Shri Dhandayuthapani Temple, Yangon, Myanmar', 30, 2, 'gallery/medias/videos/2017/05/Burma_Annadhanam_Video_1_1494664726.mp4', '', '2017-05-13 08:39:36', 1, '49.207.187.62', '2017-05-13 09:23:38', 1, '', 1, 1, 1),
(124, 'Jeevanacharya | Shri Dhandayuthapani Temple - Yangon, Myanmar', 'Jeevanacharya shri kumaran swami gurujee in Shri Dhandayuthapani Temple Yangon, Myanmar.', 30, 3, 'https://www.youtube.com/watch?v=WY_FiO2Oaw4&index=1&list=PLII0ywpQ11Yr3a71pQ_7l4BgdlOARW7jw', 'gallery/medias/thumbs/2017/05/Jeevanacharya_1494667491.jpg', '2017-05-13 09:25:37', 1, '49.207.187.62', '2017-05-17 11:25:38', 1, '210.18.146.34', 0, 0, 1),
(125, 'Jeevanacharya - Shri Dhandayuthapani Temple, Yangon, Myanmar01', 'Jeevanacharya shri kumaran swami gurujee in Shri Dhandayuthapani Temple Yangon, Myanmar.', 30, 1, 'gallery/medias/images/2017/05/Jeevanacharya_-_Shri_Dhandayuthapani_Temple-Yangon-_Myanmar01_1494669814.jpeg', '', '2017-05-13 10:03:44', 1, '49.207.187.62', '2017-05-17 11:25:54', 1, '210.18.146.34', 0, 0, 1),
(126, 'Jeevanacharya - Shri Dhandayuthapani Temple, Yangon, Myanmar02', 'Jeevanacharya shri kumaran swami gurujee in Shri Dhandayuthapani Temple Yangon, Myanmar.', 30, 1, 'gallery/medias/images/2017/05/Jeevanacharya_-_Shri_Dhandayuthapani_Temple-Yangon-_Myanmar02_1494669839.jpg', '', '2017-05-13 10:04:02', 1, '49.207.187.62', '2017-05-17 11:26:22', 1, '210.18.146.34', 0, 0, 1),
(127, 'Jeevanacharya - Shri Dhandayuthapani Temple, Yangon, Myanmar03', 'Jeevanacharya shri kumaran swami gurujee in Shri Dhandayuthapani Temple Yangon, Myanmar.', 30, 1, 'gallery/medias/images/2017/05/Jeevanacharya_-_Shri_Dhandayuthapani_Temple-Yangon-_Myanmar03_1494669855.jpeg', '', '2017-05-13 10:04:16', 1, '49.207.187.62', '2017-05-17 11:26:42', 1, '210.18.146.34', 0, 0, 1),
(128, 'Jeevanacharya - Shri Dhandayuthapani Temple, Yangon, Myanmar04', 'Jeevanacharya shri kumaran swami gurujee in Shri Dhandayuthapani Temple Yangon, Myanmar.', 30, 1, 'gallery/medias/images/2017/05/Jeevanacharya_-_Shri_Dhandayuthapani_Temple-Yangon-_Myanmar04_1494669872.jpeg', '', '2017-05-13 10:04:34', 1, '49.207.187.62', '2017-05-17 11:26:53', 1, '210.18.146.34', 0, 0, 1),
(129, 'Jeevanacharya - Shri Dhandayuthapani Temple, Yangon, Myanmar05', 'Jeevanacharya shri kumaran swami gurujee in Shri Dhandayuthapani Temple Yangon, Myanmar.', 30, 1, 'gallery/medias/images/2017/05/Jeevanacharya_-_Shri_Dhandayuthapani_Temple-Yangon-_Myanmar05_1494669891.jpeg', '', '2017-05-13 10:04:54', 1, '49.207.187.62', '2017-05-17 11:42:47', 1, '210.18.146.34', 0, 0, 1),
(130, 'Jeevanacharya - Shri Dhandayuthapani Temple, Yangon, Myanmar06', 'Jeevanacharya shri kumaran swami gurujee in Shri Dhandayuthapani Temple Yangon, Myanmar.', 30, 1, 'gallery/medias/images/2017/05/Jeevanacharya_-_Shri_Dhandayuthapani_Temple-Yangon-_Myanmar06_1494669909.jpeg', '', '2017-05-13 10:05:11', 1, '49.207.187.62', '2017-05-17 11:43:00', 1, '210.18.146.34', 0, 0, 1),
(131, 'Jeevanacharya - Shri Dhandayuthapani Temple, Yangon, Myanmar07', 'Jeevanacharya shri kumaran swami gurujee in Shri Dhandayuthapani Temple Yangon, Myanmar.', 30, 1, 'gallery/medias/images/2017/05/Jeevanacharya_-_Shri_Dhandayuthapani_Temple-Yangon-_Myanmar07_1494669924.jpeg', '', '2017-05-13 10:05:26', 1, '49.207.187.62', '2017-05-17 11:43:12', 1, '210.18.146.34', 0, 0, 1),
(132, 'Jeevanacharya - Shri Dhandayuthapani Temple, Yangon, Myanmar08', 'Jeevanacharya shri kumaran swami gurujee in Shri Dhandayuthapani Temple Yangon, Myanmar.', 30, 1, 'gallery/medias/images/2017/05/Jeevanacharya_-_Shri_Dhandayuthapani_Temple-Yangon-_Myanmar08_1494669938.jpeg', '', '2017-05-13 10:05:40', 1, '49.207.187.62', '2017-05-17 11:43:23', 1, '210.18.146.34', 0, 0, 1),
(133, 'Jeevanacharya - Shri Dhandayuthapani Temple, Yangon, Myanmar09', 'Jeevanacharya shri kumaran swami gurujee in Shri Dhandayuthapani Temple Yangon, Myanmar.', 30, 1, 'gallery/medias/images/2017/05/Jeevanacharya_-_Shri_Dhandayuthapani_Temple-Yangon-_Myanmar09_1494669954.jpeg', '', '2017-05-13 10:05:57', 1, '49.207.187.62', '2017-05-17 11:43:34', 1, '210.18.146.34', 0, 0, 1),
(134, 'Jeevanacharya - Shri Dhandayuthapani Temple, Yangon, Myanmar10', 'Jeevanacharya shri kumaran swami gurujee in Shri Dhandayuthapani Temple Yangon, Myanmar.', 30, 1, 'gallery/medias/images/2017/05/Jeevanacharya_-_Shri_Dhandayuthapani_Temple-Yangon-_Myanmar10_1494669971.jpeg', '', '2017-05-13 10:06:14', 1, '49.207.187.62', '2017-05-17 11:43:45', 1, '210.18.146.34', 0, 0, 1),
(135, 'Jeevanacharya - Shri Dhandayuthapani Temple, Yangon, Myanmar11', 'Jeevanacharya shri kumaran swami gurujee in Shri Dhandayuthapani Temple Yangon, Myanmar.', 30, 1, 'gallery/medias/images/2017/05/Jeevanacharya_-_Shri_Dhandayuthapani_Temple-Yangon-_Myanmar11_1494669986.jpeg', '', '2017-05-13 10:06:28', 1, '49.207.187.62', '2017-05-17 11:43:56', 1, '210.18.146.34', 0, 0, 1),
(136, 'Jeevanacharya - Shri Dhandayuthapani Temple, Yangon, Myanmar12', 'Jeevanacharya shri kumaran swami gurujee in Shri Dhandayuthapani Temple Yangon, Myanmar.', 30, 1, 'gallery/medias/images/2017/05/Jeevanacharya_-_Shri_Dhandayuthapani_Temple-Yangon-_Myanmar12_1494670073.jpeg', '', '2017-05-13 10:07:55', 1, '49.207.187.62', '2017-05-17 11:44:06', 1, '210.18.146.34', 0, 0, 1),
(137, 'Jeevanacharya - Shri Dhandayuthapani Temple, Yangon, Myanmar13', 'Jeevanacharya shri kumaran swami gurujee in Shri Dhandayuthapani Temple Yangon, Myanmar.', 30, 1, 'gallery/medias/images/2017/05/Jeevanacharya_-_Shri_Dhandayuthapani_Temple-Yangon-_Myanmar13_1494670086.jpeg', '', '2017-05-13 10:08:08', 1, '49.207.187.62', '2017-05-17 11:44:18', 1, '210.18.146.34', 0, 0, 1),
(138, 'Jeevanacharya - Shri Dhandayuthapani Temple, Yangon, Myanmar14', 'Jeevanacharya shri kumaran swami gurujee in Shri Dhandayuthapani Temple Yangon, Myanmar.', 30, 1, 'gallery/medias/images/2017/05/Jeevanacharya_-_Shri_Dhandayuthapani_Temple-Yangon-_Myanmar14_1494670102.jpeg', '', '2017-05-13 10:08:24', 1, '49.207.187.62', '2017-05-17 11:44:30', 1, '210.18.146.34', 0, 0, 1),
(139, 'Jeevanacharya - Shri Dhandayuthapani Temple, Yangon, Myanmar15', 'Jeevanacharya shri kumaran swami gurujee in Shri Dhandayuthapani Temple Yangon, Myanmar.', 30, 1, 'gallery/medias/images/2017/05/Jeevanacharya_-_Shri_Dhandayuthapani_Temple-Yangon-_Myanmar15_1494670120.jpg', '', '2017-05-13 10:08:41', 1, '49.207.187.62', '2017-05-17 11:44:41', 1, '210.18.146.34', 0, 0, 1),
(140, 'Jeevanacharya - Shri Dhandayuthapani Temple, Yangon, Myanmar16', 'Jeevanacharya shri kumaran swami gurujee in Shri Dhandayuthapani Temple Yangon, Myanmar.', 30, 1, 'gallery/medias/images/2017/05/Jeevanacharya_-_Shri_Dhandayuthapani_Temple-Yangon-_Myanmar16_1494670145.jpg', '', '2017-05-13 10:09:07', 1, '49.207.187.62', '2017-05-17 11:44:54', 1, '210.18.146.34', 0, 0, 1),
(141, 'Jeevanacharya - Shri Dhandayuthapani Temple, Yangon, Myanmar17', 'Jeevanacharya - Shri Dhandayuthapani Temple, Yangon, Myanmar01', 30, 1, 'gallery/medias/images/2017/05/Jeevanacharya_-_Shri_Dhandayuthapani_Temple-Yangon-_Myanmar17_1494670163.jpg', '', '2017-05-13 10:09:26', 1, '49.207.187.62', '2017-05-13 10:10:36', 1, '', 0, 1, 1),
(142, 'Jeevanacharya - Shri Dhandayuthapani Temple, Yangon, Myanmar18', 'Jeevanacharya shri kumaran swami gurujee in Shri Dhandayuthapani Temple Yangon, Myanmar.', 30, 1, 'gallery/medias/images/2017/05/Jeevanacharya_-_Shri_Dhandayuthapani_Temple-Yangon-_Myanmar18_1494670186.jpg', '', '2017-05-13 10:09:49', 1, '49.207.187.62', '2017-05-17 11:45:10', 1, '210.18.146.34', 0, 0, 1),
(143, 'Jeevanacharya - Shri Dhandayuthapani Temple, Yangon, Myanmar19', 'Jeevanacharya shri kumaran swami gurujee in Shri Dhandayuthapani Temple Yangon, Myanmar.', 30, 1, 'gallery/medias/images/2017/05/Jeevanacharya_-_Shri_Dhandayuthapani_Temple-Yangon-_Myanmar19_1494670220.jpg', '', '2017-05-13 10:10:22', 1, '49.207.187.62', '2017-05-17 11:45:20', 1, '210.18.146.34', 0, 0, 1),
(144, 'Jeevanacharya - Shri Dhandayuthapani Temple, Yangon, Myanmar20', 'Jeevanacharya shri kumaran swami gurujee in Shri Dhandayuthapani Temple Yangon, Myanmar.', 30, 1, 'gallery/medias/images/2017/05/Jeevanacharya_-_Shri_Dhandayuthapani_Temple-Yangon-_Myanmar20_1494670256.jpg', '', '2017-05-13 10:10:58', 1, '49.207.187.62', '2017-05-17 11:45:33', 1, '210.18.146.34', 0, 0, 1),
(145, 'Jeevanacharya - Shri Dhandayuthapani Temple, Yangon, Myanmar21', 'Jeevanacharya shri kumaran swami gurujee in Shri Dhandayuthapani Temple Yangon, Myanmar.', 30, 1, 'gallery/medias/images/2017/05/Jeevanacharya_-_Shri_Dhandayuthapani_Temple-Yangon-_Myanmar21_1494670271.jpg', '', '2017-05-13 10:11:12', 1, '49.207.187.62', '2017-05-17 11:45:44', 1, '210.18.146.34', 0, 0, 1),
(146, 'Jeevanacharya - Shri Dhandayuthapani Temple, Yangon, Myanmar22', 'Jeevanacharya shri kumaran swami gurujee in Shri Dhandayuthapani Temple Yangon, Myanmar.', 30, 1, 'gallery/medias/images/2017/05/Jeevanacharya_-_Shri_Dhandayuthapani_Temple-Yangon-_Myanmar22_1494670284.jpg', '', '2017-05-13 10:11:27', 1, '49.207.187.62', '2017-05-17 11:45:55', 1, '210.18.146.34', 0, 0, 1),
(147, 'test', 'test', 1, 2, 'gallery/medias/videos/2017/05/VID-20170517-WA0020_1495031715.mp4', '', '2017-05-17 14:35:15', 0, '', '2017-05-17 14:38:00', 1, '210.18.146.34', 0, 1, 1),
(148, 'Test', 'Test', 1, 2, 'gallery/medias/videos/2017/05/VID-20170517-WA0021_1495032009.mp4', '', '2017-05-17 14:40:15', 0, '', '2017-05-17 14:42:13', 1, '210.18.146.34', 0, 1, 1);

-- --------------------------------------------------------

--
-- Table structure for table `sramcms_log`
--

CREATE TABLE IF NOT EXISTS `sramcms_log` (
  `id` bigint(20) NOT NULL AUTO_INCREMENT,
  `created` datetime NOT NULL,
  `msg` text NOT NULL,
  `type` varchar(255) NOT NULL,
  `action_type_id` int(11) NOT NULL COMMENT '1=>Add,2=>Edit,3=>Delete,4=>Status change',
  `login_id` bigint(20) NOT NULL,
  `ip_address` text NOT NULL,
  PRIMARY KEY (`id`)
) ENGINE=InnoDB  DEFAULT CHARSET=latin1 AUTO_INCREMENT=656 ;

--
-- Dumping data for table `sramcms_log`
--

INSERT INTO `sramcms_log` (`id`, `created`, `msg`, `type`, `action_type_id`, `login_id`, `ip_address`) VALUES
(1, '2017-03-24 11:16:22', 'A Menu Groups  has been edited by admin :', 'Menu Groups', 2, 1, '::1'),
(2, '2017-03-24 11:17:13', 'A Menu Groups  has been edited by admin :', 'Menu Groups', 2, 1, '::1'),
(3, '2017-03-24 11:17:43', 'A Menu Groups  has been edited by admin :tksubhashraj14@gmail.com', 'Menu Groups', 2, 1, '::1'),
(4, '2017-03-24 11:17:49', 'A Menu Groups  has been edited by admin :tksubhashraj14@gmail.com', 'Menu Groups', 2, 1, '::1'),
(5, '2017-03-24 11:17:56', 'A Menu Groups  has been edited by admin :tksubhashraj14@gmail.com', 'Menu Groups', 2, 1, '::1'),
(6, '2017-03-24 11:18:03', 'A Menus About us has been edited by admin :tksubhashraj14@gmail.com', 'Menus', 2, 1, '::1'),
(7, '2017-03-24 11:18:11', 'A Menus About us has been edited by admin :tksubhashraj14@gmail.com', 'Menus', 2, 1, '::1'),
(8, '2017-03-24 11:18:26', 'A Menus  has been edited by admin :tksubhashraj14@gmail.com', 'Menus', 2, 1, '::1'),
(9, '2017-03-24 11:18:35', 'A Menus About us has been edited by admin :tksubhashraj14@gmail.com', 'Menus', 2, 1, '::1'),
(10, '2017-03-24 11:18:43', 'A Menus  has been edited by admin :tksubhashraj14@gmail.com', 'Menus', 2, 1, '::1'),
(11, '2017-03-24 11:20:22', 'A Menus About us has been Deactivated  by admin :tksubhashraj14@gmail.com', 'Menus', 4, 1, '::1'),
(12, '2017-03-24 11:20:34', 'A Menus About us has been deleted  by admin :tksubhashraj14@gmail.com', 'Menus', 3, 1, '::1'),
(13, '2017-03-24 11:26:28', 'A New Menu Groups Fooadasd asdasdasd has been added by admin :tksubhashraj14@gmail.com', 'Menu Groups', 1, 1, '::1'),
(14, '2017-03-24 11:26:32', 'A Menu Groups  has been deleted  by admin :tksubhashraj14@gmail.com', 'Menu Groups', 3, 1, '::1'),
(15, '2017-03-24 11:26:53', 'A Menu Groups  has been deleted  by admin :tksubhashraj14@gmail.com', 'Menu Groups', 3, 1, '::1'),
(16, '2017-03-24 11:27:31', 'A Menu Groups Header Menu has been deleted  by admin :tksubhashraj14@gmail.com', 'Menu Groups', 3, 1, '::1'),
(17, '2017-03-24 11:29:15', 'A Menus About us has been Activated  by admin :tksubhashraj14@gmail.com', 'Menus', 4, 1, '::1'),
(18, '2017-03-24 11:40:30', 'A Menus About us has been Deactivated  by admin :tksubhashraj14@gmail.com', 'Menus', 4, 1, '::1'),
(19, '2017-03-24 11:41:08', 'A Menus Corrections and Clarifications has been Deactivated  by admin :tksubhashraj14@gmail.com', 'Menus', 4, 1, '::1'),
(20, '2017-03-24 11:41:25', 'A Menus Corrections and Clarifications has been Activated  by admin :tksubhashraj14@gmail.com', 'Menus', 4, 1, '::1'),
(21, '2017-03-24 11:41:55', 'A Menus Corrections and Clarifications has been Deactivated  by admin :tksubhashraj14@gmail.com', 'Menus', 4, 1, '::1'),
(22, '2017-03-24 11:45:16', 'A Menus About us has been deleted  by admin :tksubhashraj14@gmail.com', 'Menus', 3, 1, '::1'),
(23, '2017-03-25 11:55:09', 'A Menu Groups  has been edited by admin :tksubhashraj14@gmail.com', 'Menu Groups', 2, 1, '::1'),
(24, '2017-03-25 12:45:16', 'A Menus Corrections and Clarifications has been deleted  by admin :tksubhashraj14@gmail.com', 'Menus', 3, 1, '::1'),
(25, '2017-03-25 12:45:18', 'A Menus Terms of Use and Disclaimer has been deleted  by admin :tksubhashraj14@gmail.com', 'Menus', 3, 1, '::1'),
(26, '2017-03-25 12:46:27', 'A New Menushas been added by admin :tksubhashraj14@gmail.com', 'Menus', 1, 1, '::1'),
(27, '2017-03-25 12:46:54', 'A New Menushas been added by admin :tksubhashraj14@gmail.com', 'Menus', 1, 1, '::1'),
(28, '2017-03-25 12:47:10', 'A New Menushas been added by admin :tksubhashraj14@gmail.com', 'Menus', 1, 1, '::1'),
(29, '2017-03-25 12:47:26', 'A New Menushas been added by admin :tksubhashraj14@gmail.com', 'Menus', 1, 1, '::1'),
(30, '2017-03-25 12:47:43', 'A New Menushas been added by admin :tksubhashraj14@gmail.com', 'Menus', 1, 1, '::1'),
(31, '2017-03-25 12:48:05', 'A New Menushas been added by admin :tksubhashraj14@gmail.com', 'Menus', 1, 1, '::1'),
(32, '2017-03-25 12:48:16', 'A New Menushas been added by admin :tksubhashraj14@gmail.com', 'Menus', 1, 1, '::1'),
(33, '2017-03-25 12:48:26', 'A New Menushas been added by admin :tksubhashraj14@gmail.com', 'Menus', 1, 1, '::1'),
(34, '2017-03-25 12:48:40', 'A New Menushas been added by admin :tksubhashraj14@gmail.com', 'Menus', 1, 1, '::1'),
(35, '2017-03-25 12:48:54', 'A New Menushas been added by admin :tksubhashraj14@gmail.com', 'Menus', 1, 1, '::1'),
(36, '2017-03-25 12:49:45', 'A New Menushas been added by admin :tksubhashraj14@gmail.com', 'Menus', 1, 1, '::1'),
(37, '2017-03-25 12:50:10', 'A New Menushas been added by admin :tksubhashraj14@gmail.com', 'Menus', 1, 1, '::1'),
(38, '2017-03-25 12:50:32', 'A New Menushas been added by admin :tksubhashraj14@gmail.com', 'Menus', 1, 1, '::1'),
(39, '2017-03-25 13:46:58', 'A Menus Privacy Policy has been deleted  by admin :tksubhashraj14@gmail.com', 'Menus', 3, 1, '::1'),
(40, '2017-03-25 13:47:00', 'A Menus Terms of Use and Disclaimer has been deleted  by admin :tksubhashraj14@gmail.com', 'Menus', 3, 1, '::1'),
(41, '2017-03-25 13:47:02', 'A Menus Jobs has been deleted  by admin :tksubhashraj14@gmail.com', 'Menus', 3, 1, '::1'),
(42, '2017-03-25 13:47:03', 'A Menus Corrections and Clarifications has been deleted  by admin :tksubhashraj14@gmail.com', 'Menus', 3, 1, '::1'),
(43, '2017-03-25 13:47:05', 'A Menus About Us has been deleted  by admin :tksubhashraj14@gmail.com', 'Menus', 3, 1, '::1'),
(44, '2017-03-25 13:47:28', 'A New Menushas been added by admin :tksubhashraj14@gmail.com', 'Menus', 1, 1, '::1'),
(45, '2017-03-25 13:47:39', 'A New Menushas been added by admin :tksubhashraj14@gmail.com', 'Menus', 1, 1, '::1'),
(46, '2017-03-25 13:47:53', 'A New Menushas been added by admin :tksubhashraj14@gmail.com', 'Menus', 1, 1, '::1'),
(47, '2017-03-25 13:48:14', 'A New Menushas been added by admin :tksubhashraj14@gmail.com', 'Menus', 1, 1, '::1'),
(48, '2017-03-25 13:48:24', 'A New Menushas been added by admin :tksubhashraj14@gmail.com', 'Menus', 1, 1, '::1'),
(49, '2017-03-25 13:48:37', 'A New Menushas been added by admin :tksubhashraj14@gmail.com', 'Menus', 1, 1, '::1'),
(50, '2017-03-25 13:48:54', 'A New Menushas been added by admin :tksubhashraj14@gmail.com', 'Menus', 1, 1, '::1'),
(51, '2017-03-25 13:49:24', 'A New Menu Groups Header Desktop Menu has been added by admin :tksubhashraj14@gmail.com', 'Menu Groups', 1, 1, '::1'),
(52, '2017-03-25 13:49:39', 'A Menu Groups Header Desktop Menu has been deleted  by admin :tksubhashraj14@gmail.com', 'Menu Groups', 3, 1, '::1'),
(53, '2017-03-25 13:49:44', 'A Menus About Us has been deleted  by admin :tksubhashraj14@gmail.com', 'Menus', 3, 1, '::1'),
(54, '2017-03-25 13:49:46', 'A Menus Corrections and Clarifications has been deleted  by admin :tksubhashraj14@gmail.com', 'Menus', 3, 1, '::1'),
(55, '2017-03-25 13:49:48', 'A Menus Jobs has been deleted  by admin :tksubhashraj14@gmail.com', 'Menus', 3, 1, '::1'),
(56, '2017-03-25 13:49:50', 'A Menus Terms of Use and Disclaimer has been deleted  by admin :tksubhashraj14@gmail.com', 'Menus', 3, 1, '::1'),
(57, '2017-03-25 13:49:51', 'A Menus Privacy Policy has been deleted  by admin :tksubhashraj14@gmail.com', 'Menus', 3, 1, '::1'),
(58, '2017-03-25 13:50:46', 'A New Menushas been added by admin :tksubhashraj14@gmail.com', 'Menus', 1, 1, '::1'),
(59, '2017-03-25 13:51:17', 'A New Menushas been added by admin :tksubhashraj14@gmail.com', 'Menus', 1, 1, '::1'),
(60, '2017-03-25 13:51:29', 'A New Menushas been added by admin :tksubhashraj14@gmail.com', 'Menus', 1, 1, '::1'),
(61, '2017-03-25 13:54:07', 'A New Menushas been added by admin :tksubhashraj14@gmail.com', 'Menus', 1, 1, '::1'),
(62, '2017-03-25 13:54:25', 'A New Menushas been added by admin :tksubhashraj14@gmail.com', 'Menus', 1, 1, '::1'),
(63, '2017-03-25 13:54:36', 'A New Menushas been added by admin :tksubhashraj14@gmail.com', 'Menus', 1, 1, '::1'),
(64, '2017-03-27 08:17:05', 'A Menu Groups  has been edited by admin :tksubhashraj14@gmail.com', 'Menu Groups', 2, 1, '::1'),
(65, '2017-03-27 08:17:15', 'A Menus About Us has been Deactivated  by admin :tksubhashraj14@gmail.com', 'Menus', 4, 1, '::1'),
(66, '2017-03-27 08:17:28', 'A Menus Way Of Life has been Deactivated  by admin :tksubhashraj14@gmail.com', 'Menus', 4, 1, '::1'),
(67, '2017-03-27 08:17:42', 'A Menus Program has been Deactivated  by admin :tksubhashraj14@gmail.com', 'Menus', 4, 1, '::1'),
(68, '2017-03-27 08:17:52', 'A Menus Way Of Life,Program has been Activated  by admin :tksubhashraj14@gmail.com', 'Menus', 4, 1, '::1'),
(69, '2017-03-27 08:18:05', 'A Menus About Us has been Activated  by admin :tksubhashraj14@gmail.com', 'Menus', 4, 1, '::1'),
(70, '2017-03-27 08:22:10', 'A Menus About Us has been edited by admin :tksubhashraj14@gmail.com', 'Menus', 2, 1, '::1'),
(71, '2017-03-27 08:22:23', 'A Menus About Us has been edited by admin :tksubhashraj14@gmail.com', 'Menus', 2, 1, '::1'),
(72, '2017-03-30 17:10:56', 'A Events  has been edited by admin :tksubhashraj14@gmail.com', 'Events', 2, 1, '::1'),
(73, '2017-03-30 18:07:00', 'A Menus Program has been edited by admin :tksubhashraj14@gmail.com', 'Menus', 2, 1, '::1'),
(74, '2017-03-30 18:10:11', 'A Menus Watch has been Deactivated  by admin :tksubhashraj14@gmail.com', 'Menus', 4, 1, '::1'),
(75, '2017-03-30 18:37:19', 'A Events  has been edited by admin :tksubhashraj14@gmail.com', 'Events', 2, 1, '::1'),
(76, '2017-03-30 18:38:00', 'A Events  has been edited by admin :tksubhashraj14@gmail.com', 'Events', 2, 1, '::1'),
(77, '2017-03-30 18:44:21', 'A Events  has been edited by admin :tksubhashraj14@gmail.com', 'Events', 2, 1, '::1'),
(78, '2017-03-30 18:55:40', 'A New Photo of the day About Earth has been added by admin :tksubhashraj14@gmail.com', 'Photo of the day', 1, 1, '::1'),
(79, '2017-03-30 17:34:04', 'A Menus Program has been edited by admin :tksubhashraj14@gmail.com', 'Menus', 2, 1, '210.18.166.97'),
(80, '2017-03-30 17:34:20', 'A Menus Program has been edited by admin :tksubhashraj14@gmail.com', 'Menus', 2, 1, '210.18.166.97'),
(81, '2017-03-31 04:37:58', 'A Menus Ashram has been edited by admin :tksubhashraj14@gmail.com', 'Menus', 2, 1, '49.206.113.9'),
(82, '2017-03-31 04:38:44', 'A Menus Ashram has been edited by admin :tksubhashraj14@gmail.com', 'Menus', 2, 1, '49.206.113.9'),
(83, '2017-03-31 04:43:04', 'A New Photo of the day Jeevancharya - Latest Photos has been added by admin :tksubhashraj14@gmail.com', 'Photo of the day', 1, 1, '49.206.113.9'),
(84, '2017-03-31 05:46:53', 'A Events  has been edited by admin :tksubhashraj14@gmail.com', 'Events', 2, 1, '210.18.167.254'),
(85, '2017-03-31 05:48:36', 'A Events  has been edited by admin :tksubhashraj14@gmail.com', 'Events', 2, 1, '210.18.167.254'),
(86, '2017-03-31 06:27:48', 'A Gallery item test Video path has been deleted  by admin :tksubhashraj14@gmail.com', 'Gallery item', 3, 1, '210.18.167.254'),
(87, '2017-03-31 10:01:23', 'A New Gallery Categories Press conference at Malaysia Part 3 has been added by admin :tksubhashraj14@gmail.com', 'Gallery Categories', 1, 1, '210.18.167.254'),
(88, '2017-04-03 16:22:14', 'A Events International Trip,abdcdef has been deleted  by admin :tksubhashraj14@gmail.com', 'Events', 3, 1, '210.18.162.234'),
(89, '2017-04-03 17:20:32', 'A Menus Program has been edited by admin :tksubhashraj14@gmail.com', 'Menus', 2, 1, '210.18.162.234'),
(90, '2017-04-04 02:04:33', 'A Gallery item test image1,test image2,test Video Url1 has been deleted  by admin :tksubhashraj14@gmail.com', 'Gallery item', 3, 1, '203.109.107.16'),
(91, '2017-04-04 02:06:01', 'A New Gallery itemhas been added by admin :tksubhashraj14@gmail.com', 'Gallery item', 1, 1, '203.109.107.16'),
(92, '2017-04-04 02:08:46', 'A New Gallery itemhas been added by admin :tksubhashraj14@gmail.com', 'Gallery item', 1, 1, '203.109.107.16'),
(93, '2017-04-04 02:09:18', 'A New Gallery itemhas been added by admin :tksubhashraj14@gmail.com', 'Gallery item', 1, 1, '203.109.107.16'),
(94, '2017-04-04 02:09:49', 'A New Gallery itemhas been added by admin :tksubhashraj14@gmail.com', 'Gallery item', 1, 1, '203.109.107.16'),
(95, '2017-04-04 02:11:05', 'A Gallery Categories  has been edited by admin :tksubhashraj14@gmail.com', 'Gallery Categories', 2, 1, '203.109.107.16'),
(96, '2017-04-04 02:13:02', 'A New Gallery itemhas been added by admin :tksubhashraj14@gmail.com', 'Gallery item', 1, 1, '203.109.107.16'),
(97, '2017-04-04 02:13:26', 'A New Gallery itemhas been added by admin :tksubhashraj14@gmail.com', 'Gallery item', 1, 1, '203.109.107.16'),
(98, '2017-04-04 02:13:50', 'A New Gallery itemhas been added by admin :tksubhashraj14@gmail.com', 'Gallery item', 1, 1, '203.109.107.16'),
(99, '2017-04-04 02:14:14', 'A New Gallery itemhas been added by admin :tksubhashraj14@gmail.com', 'Gallery item', 1, 1, '203.109.107.16'),
(100, '2017-04-04 02:14:51', 'A New Gallery itemhas been added by admin :tksubhashraj14@gmail.com', 'Gallery item', 1, 1, '203.109.107.16'),
(101, '2017-04-04 02:15:14', 'A New Gallery itemhas been added by admin :tksubhashraj14@gmail.com', 'Gallery item', 1, 1, '203.109.107.16'),
(102, '2017-04-04 02:15:42', 'A New Gallery itemhas been added by admin :tksubhashraj14@gmail.com', 'Gallery item', 1, 1, '203.109.107.16'),
(103, '2017-04-04 02:16:05', 'A New Gallery itemhas been added by admin :tksubhashraj14@gmail.com', 'Gallery item', 1, 1, '203.109.107.16'),
(104, '2017-04-04 02:16:54', 'A New Gallery itemhas been added by admin :tksubhashraj14@gmail.com', 'Gallery item', 1, 1, '203.109.107.16'),
(105, '2017-04-04 02:17:23', 'A New Gallery itemhas been added by admin :tksubhashraj14@gmail.com', 'Gallery item', 1, 1, '203.109.107.16'),
(106, '2017-04-04 02:17:49', 'A New Gallery itemhas been added by admin :tksubhashraj14@gmail.com', 'Gallery item', 1, 1, '203.109.107.16'),
(107, '2017-04-04 02:18:10', 'A New Gallery itemhas been added by admin :tksubhashraj14@gmail.com', 'Gallery item', 1, 1, '203.109.107.16'),
(108, '2017-04-04 02:18:32', 'A New Gallery itemhas been added by admin :tksubhashraj14@gmail.com', 'Gallery item', 1, 1, '203.109.107.16'),
(109, '2017-04-04 02:18:52', 'A New Gallery itemhas been added by admin :tksubhashraj14@gmail.com', 'Gallery item', 1, 1, '203.109.107.16'),
(110, '2017-04-04 02:19:25', 'A New Gallery itemhas been added by admin :tksubhashraj14@gmail.com', 'Gallery item', 1, 1, '203.109.107.16'),
(111, '2017-04-04 02:19:49', 'A New Gallery itemhas been added by admin :tksubhashraj14@gmail.com', 'Gallery item', 1, 1, '203.109.107.16'),
(112, '2017-04-04 02:20:10', 'A New Gallery itemhas been added by admin :tksubhashraj14@gmail.com', 'Gallery item', 1, 1, '203.109.107.16'),
(113, '2017-04-04 02:24:35', 'A Gallery Categories  has been edited by admin :tksubhashraj14@gmail.com', 'Gallery Categories', 2, 1, '203.109.107.16'),
(114, '2017-04-04 02:32:47', 'A New Gallery itemhas been added by admin :tksubhashraj14@gmail.com', 'Gallery item', 1, 1, '203.109.107.16'),
(115, '2017-04-04 02:33:10', 'A New Gallery itemhas been added by admin :tksubhashraj14@gmail.com', 'Gallery item', 1, 1, '203.109.107.16'),
(116, '2017-04-04 02:33:36', 'A New Gallery itemhas been added by admin :tksubhashraj14@gmail.com', 'Gallery item', 1, 1, '203.109.107.16'),
(117, '2017-04-04 02:34:19', 'A New Gallery itemhas been added by admin :tksubhashraj14@gmail.com', 'Gallery item', 1, 1, '203.109.107.16'),
(118, '2017-04-04 02:34:39', 'A New Gallery itemhas been added by admin :tksubhashraj14@gmail.com', 'Gallery item', 1, 1, '203.109.107.16'),
(119, '2017-04-04 02:35:05', 'A New Gallery itemhas been added by admin :tksubhashraj14@gmail.com', 'Gallery item', 1, 1, '203.109.107.16'),
(120, '2017-04-04 02:35:28', 'A New Gallery itemhas been added by admin :tksubhashraj14@gmail.com', 'Gallery item', 1, 1, '203.109.107.16'),
(121, '2017-04-04 02:36:07', 'A New Gallery itemhas been added by admin :tksubhashraj14@gmail.com', 'Gallery item', 1, 1, '203.109.107.16'),
(122, '2017-04-04 02:37:02', 'A New Gallery itemhas been added by admin :tksubhashraj14@gmail.com', 'Gallery item', 1, 1, '203.109.107.16'),
(123, '2017-04-04 02:37:28', 'A New Gallery itemhas been added by admin :tksubhashraj14@gmail.com', 'Gallery item', 1, 1, '203.109.107.16'),
(124, '2017-04-04 02:37:58', 'A New Gallery itemhas been added by admin :tksubhashraj14@gmail.com', 'Gallery item', 1, 1, '203.109.107.16'),
(125, '2017-04-04 02:41:35', 'A New Gallery itemhas been added by admin :tksubhashraj14@gmail.com', 'Gallery item', 1, 1, '203.109.107.16'),
(126, '2017-04-04 02:42:00', 'A New Gallery itemhas been added by admin :tksubhashraj14@gmail.com', 'Gallery item', 1, 1, '203.109.107.16'),
(127, '2017-04-04 02:42:28', 'A New Gallery itemhas been added by admin :tksubhashraj14@gmail.com', 'Gallery item', 1, 1, '203.109.107.16'),
(128, '2017-04-04 02:43:30', 'A New Gallery itemhas been added by admin :tksubhashraj14@gmail.com', 'Gallery item', 1, 1, '203.109.107.16'),
(129, '2017-04-04 02:43:49', 'A New Gallery itemhas been added by admin :tksubhashraj14@gmail.com', 'Gallery item', 1, 1, '203.109.107.16'),
(130, '2017-04-04 02:44:07', 'A New Gallery itemhas been added by admin :tksubhashraj14@gmail.com', 'Gallery item', 1, 1, '203.109.107.16'),
(131, '2017-04-04 02:46:21', 'A Gallery Categories  has been edited by admin :tksubhashraj14@gmail.com', 'Gallery Categories', 2, 1, '203.109.107.16'),
(132, '2017-04-04 02:47:30', 'A Gallery Categories  has been deleted  by admin :tksubhashraj14@gmail.com', 'Gallery Categories', 3, 1, '203.109.107.16'),
(133, '2017-04-04 02:47:48', 'A Gallery Categories  has been deleted  by admin :tksubhashraj14@gmail.com', 'Gallery Categories', 3, 1, '203.109.107.16'),
(134, '2017-04-04 02:48:01', 'A Gallery Categories  has been deleted  by admin :tksubhashraj14@gmail.com', 'Gallery Categories', 3, 1, '203.109.107.16'),
(135, '2017-04-04 02:48:14', 'A Gallery Categories  has been deleted  by admin :tksubhashraj14@gmail.com', 'Gallery Categories', 3, 1, '203.109.107.16'),
(136, '2017-04-04 02:48:27', 'A Gallery Categories  has been deleted  by admin :tksubhashraj14@gmail.com', 'Gallery Categories', 3, 1, '203.109.107.16'),
(137, '2017-04-04 02:57:59', 'A New Gallery Categories RK_Excellence_Award_2015 has been added by admin :tksubhashraj14@gmail.com', 'Gallery Categories', 1, 1, '203.109.107.16'),
(138, '2017-04-04 02:58:40', 'A New Gallery itemhas been added by admin :tksubhashraj14@gmail.com', 'Gallery item', 1, 1, '203.109.107.16'),
(139, '2017-04-04 02:59:12', 'A New Gallery itemhas been added by admin :tksubhashraj14@gmail.com', 'Gallery item', 1, 1, '203.109.107.16'),
(140, '2017-04-04 02:59:30', 'A New Gallery itemhas been added by admin :tksubhashraj14@gmail.com', 'Gallery item', 1, 1, '203.109.107.16'),
(141, '2017-04-04 03:00:01', 'A New Gallery itemhas been added by admin :tksubhashraj14@gmail.com', 'Gallery item', 1, 1, '203.109.107.16'),
(142, '2017-04-04 03:00:26', 'A New Gallery itemhas been added by admin :tksubhashraj14@gmail.com', 'Gallery item', 1, 1, '203.109.107.16'),
(143, '2017-04-04 03:00:45', 'A New Gallery itemhas been added by admin :tksubhashraj14@gmail.com', 'Gallery item', 1, 1, '203.109.107.16'),
(144, '2017-04-04 03:01:08', 'A New Gallery itemhas been added by admin :tksubhashraj14@gmail.com', 'Gallery item', 1, 1, '203.109.107.16'),
(145, '2017-04-04 03:01:35', 'A New Gallery itemhas been added by admin :tksubhashraj14@gmail.com', 'Gallery item', 1, 1, '203.109.107.16'),
(146, '2017-04-04 03:02:13', 'A New Gallery itemhas been added by admin :tksubhashraj14@gmail.com', 'Gallery item', 1, 1, '203.109.107.16'),
(147, '2017-04-04 03:02:37', 'A New Gallery itemhas been added by admin :tksubhashraj14@gmail.com', 'Gallery item', 1, 1, '203.109.107.16'),
(148, '2017-04-04 03:03:31', 'A New Gallery itemhas been added by admin :tksubhashraj14@gmail.com', 'Gallery item', 1, 1, '203.109.107.16'),
(149, '2017-04-04 03:07:59', 'A New Gallery itemhas been added by admin :tksubhashraj14@gmail.com', 'Gallery item', 1, 1, '203.109.107.16'),
(150, '2017-04-04 03:08:26', 'A New Gallery itemhas been added by admin :tksubhashraj14@gmail.com', 'Gallery item', 1, 1, '203.109.107.16'),
(151, '2017-04-04 03:08:57', 'A New Gallery itemhas been added by admin :tksubhashraj14@gmail.com', 'Gallery item', 1, 1, '203.109.107.16'),
(152, '2017-04-04 03:09:24', 'A Gallery Categories  has been deleted  by admin :tksubhashraj14@gmail.com', 'Gallery Categories', 3, 1, '203.109.107.16'),
(153, '2017-04-04 05:49:45', 'A New Gallery Categories Jeevanacharya with celebrities has been added by admin :tksubhashraj14@gmail.com', 'Gallery Categories', 1, 1, '210.18.149.216'),
(154, '2017-04-04 05:50:21', 'A New Gallery itemhas been added by admin :tksubhashraj14@gmail.com', 'Gallery item', 1, 1, '210.18.149.216'),
(155, '2017-04-04 05:50:50', 'A New Gallery itemhas been added by admin :tksubhashraj14@gmail.com', 'Gallery item', 1, 1, '210.18.149.216'),
(156, '2017-04-04 05:51:13', 'A New Gallery itemhas been added by admin :tksubhashraj14@gmail.com', 'Gallery item', 1, 1, '210.18.149.216'),
(157, '2017-04-04 05:51:31', 'A New Gallery itemhas been added by admin :tksubhashraj14@gmail.com', 'Gallery item', 1, 1, '210.18.149.216'),
(158, '2017-04-04 05:51:46', 'A New Gallery itemhas been added by admin :tksubhashraj14@gmail.com', 'Gallery item', 1, 1, '210.18.149.216'),
(159, '2017-04-04 05:52:07', 'A New Gallery itemhas been added by admin :tksubhashraj14@gmail.com', 'Gallery item', 1, 1, '210.18.149.216'),
(160, '2017-04-04 05:52:21', 'A New Gallery itemhas been added by admin :tksubhashraj14@gmail.com', 'Gallery item', 1, 1, '210.18.149.216'),
(161, '2017-04-04 05:53:09', 'A New Gallery itemhas been added by admin :tksubhashraj14@gmail.com', 'Gallery item', 1, 1, '210.18.149.216'),
(162, '2017-04-04 05:53:25', 'A New Gallery itemhas been added by admin :tksubhashraj14@gmail.com', 'Gallery item', 1, 1, '210.18.149.216'),
(163, '2017-04-04 05:53:38', 'A New Gallery itemhas been added by admin :tksubhashraj14@gmail.com', 'Gallery item', 1, 1, '210.18.149.216'),
(164, '2017-04-04 05:53:52', 'A New Gallery itemhas been added by admin :tksubhashraj14@gmail.com', 'Gallery item', 1, 1, '210.18.149.216'),
(165, '2017-04-04 06:08:15', 'A New Gallery itemhas been added by admin :tksubhashraj14@gmail.com', 'Gallery item', 1, 1, '210.18.149.216'),
(166, '2017-04-04 06:08:22', 'A Gallery item SWAMI_CELEBRITIES_PHOTO_011 has been deleted  by admin :tksubhashraj14@gmail.com', 'Gallery item', 3, 1, '210.18.149.216'),
(167, '2017-04-04 06:08:41', 'A New Gallery itemhas been added by admin :tksubhashraj14@gmail.com', 'Gallery item', 1, 1, '210.18.149.216'),
(168, '2017-04-04 06:21:29', 'A New Gallery itemhas been added by admin :tksubhashraj14@gmail.com', 'Gallery item', 1, 1, '210.18.149.216'),
(169, '2017-04-04 06:21:43', 'A New Gallery itemhas been added by admin :tksubhashraj14@gmail.com', 'Gallery item', 1, 1, '210.18.149.216'),
(170, '2017-04-04 06:21:57', 'A New Gallery itemhas been added by admin :tksubhashraj14@gmail.com', 'Gallery item', 1, 1, '210.18.149.216'),
(171, '2017-04-04 06:22:10', 'A New Gallery itemhas been added by admin :tksubhashraj14@gmail.com', 'Gallery item', 1, 1, '210.18.149.216'),
(172, '2017-04-04 06:22:22', 'A New Gallery itemhas been added by admin :tksubhashraj14@gmail.com', 'Gallery item', 1, 1, '210.18.149.216'),
(173, '2017-04-04 06:22:35', 'A New Gallery itemhas been added by admin :tksubhashraj14@gmail.com', 'Gallery item', 1, 1, '210.18.149.216'),
(174, '2017-04-04 06:22:51', 'A New Gallery itemhas been added by admin :tksubhashraj14@gmail.com', 'Gallery item', 1, 1, '210.18.149.216'),
(175, '2017-04-04 06:23:04', 'A New Gallery itemhas been added by admin :tksubhashraj14@gmail.com', 'Gallery item', 1, 1, '210.18.149.216'),
(176, '2017-04-04 06:23:17', 'A New Gallery itemhas been added by admin :tksubhashraj14@gmail.com', 'Gallery item', 1, 1, '210.18.149.216'),
(177, '2017-04-04 06:23:30', 'A New Gallery itemhas been added by admin :tksubhashraj14@gmail.com', 'Gallery item', 1, 1, '210.18.149.216'),
(178, '2017-04-04 06:23:43', 'A New Gallery itemhas been added by admin :tksubhashraj14@gmail.com', 'Gallery item', 1, 1, '210.18.149.216'),
(179, '2017-04-04 09:12:50', 'A Menus Program has been edited by admin :tksubhashraj14@gmail.com', 'Menus', 2, 1, '210.18.163.133'),
(180, '2017-04-04 09:13:23', 'A Menus  has been edited by admin :tksubhashraj14@gmail.com', 'Menus', 2, 1, '210.18.163.133'),
(181, '2017-04-04 09:26:21', 'A New Gallery Categories Jeevanacharya Videos has been added by admin :tksubhashraj14@gmail.com', 'Gallery Categories', 1, 1, '210.18.163.133'),
(182, '2017-04-04 09:27:04', 'A New Gallery itemhas been added by admin :tksubhashraj14@gmail.com', 'Gallery item', 1, 1, '210.18.163.133'),
(183, '2017-04-04 09:27:16', 'A Gallery item  has been edited by admin :tksubhashraj14@gmail.com', 'Gallery item', 2, 1, '210.18.163.133'),
(184, '2017-04-04 09:27:47', 'A New Gallery itemhas been added by admin :tksubhashraj14@gmail.com', 'Gallery item', 1, 1, '210.18.163.133'),
(185, '2017-04-04 09:36:47', 'A Gallery Categories  has been edited by admin :tksubhashraj14@gmail.com', 'Gallery Categories', 2, 1, '210.18.163.133'),
(186, '2017-04-04 14:50:26', 'A Events  has been edited by admin :tksubhashraj14@gmail.com', 'Events', 2, 1, '210.18.163.133'),
(187, '2017-04-04 14:51:59', 'A Events  has been edited by admin :tksubhashraj14@gmail.com', 'Events', 2, 1, '210.18.163.133'),
(188, '2017-04-04 14:55:20', 'A Events  has been edited by admin :tksubhashraj14@gmail.com', 'Events', 2, 1, '210.18.163.133'),
(189, '2017-04-04 14:57:00', 'A Events  has been edited by admin :tksubhashraj14@gmail.com', 'Events', 2, 1, '210.18.163.133'),
(190, '2017-04-04 14:57:43', 'A Events  has been edited by admin :tksubhashraj14@gmail.com', 'Events', 2, 1, '210.18.163.133'),
(191, '2017-04-04 15:25:22', 'A Events  has been edited by admin :tksubhashraj14@gmail.com', 'Events', 2, 1, '210.18.163.133'),
(192, '2017-04-04 15:27:20', 'A Appointment Users Mohamed has been edited by admin :tksubhashraj14@gmail.com', 'Appointment Users', 2, 1, '210.18.163.133'),
(193, '2017-04-04 15:31:28', 'A Appointment Users sadam has been edited by admin :tksubhashraj14@gmail.com', 'Appointment Users', 2, 1, '210.18.163.133'),
(194, '2017-04-04 15:32:54', 'A Appointment Users Mohamed,sadam has been deleted  by admin :tksubhashraj14@gmail.com', 'Appointment Users', 3, 1, '210.18.163.133'),
(195, '2017-04-05 05:36:51', 'A Gallery item  has been edited by admin :tksubhashraj14@gmail.com', 'Gallery item', 2, 1, '210.18.144.237'),
(196, '2017-04-05 06:05:20', 'A New Gallery itemhas been added by admin :tksubhashraj14@gmail.com', 'Gallery item', 1, 1, '210.18.144.237'),
(197, '2017-04-05 11:50:10', 'A New Gallery itemhas been added by admin :tksubhashraj14@gmail.com', 'Gallery item', 1, 1, '49.206.113.9'),
(198, '2017-04-05 12:16:56', 'A New Gallery itemhas been added by admin :tksubhashraj14@gmail.com', 'Gallery item', 1, 1, '49.206.113.9'),
(199, '2017-04-06 13:29:02', 'A Appointment Users kalaivanan has been edited by admin :tksubhashraj14@gmail.com', 'Appointment Users', 2, 1, '49.206.115.115'),
(200, '2017-04-06 13:29:18', 'A Appointment Users kalaivanan has been edited by admin :tksubhashraj14@gmail.com', 'Appointment Users', 2, 1, '49.206.115.115'),
(201, '2017-04-06 13:29:34', 'A Appointment Users kalaivanan has been edited by admin :tksubhashraj14@gmail.com', 'Appointment Users', 2, 1, '49.206.115.115'),
(202, '2017-04-06 13:29:58', 'A Appointment Users kalaivanan has been edited by admin :tksubhashraj14@gmail.com', 'Appointment Users', 2, 1, '49.206.115.115'),
(203, '2017-04-06 13:43:24', 'A Appointment Users kalaivanan has been edited by admin :tksubhashraj14@gmail.com', 'Appointment Users', 2, 1, '49.206.115.115'),
(204, '2017-04-07 07:01:31', 'A Menus Gallery has been edited by admin :tksubhashraj14@gmail.com', 'Menus', 2, 1, '210.18.171.89'),
(205, '2017-04-07 07:02:56', 'A Menus Program has been edited by admin :tksubhashraj14@gmail.com', 'Menus', 2, 1, '210.18.171.89'),
(206, '2017-04-07 07:03:14', 'A Menus Program has been edited by admin :tksubhashraj14@gmail.com', 'Menus', 2, 1, '210.18.171.89'),
(207, '2017-04-07 07:20:16', 'A Menus Program has been edited by admin :tksubhashraj14@gmail.com', 'Menus', 2, 1, '210.18.171.89'),
(208, '2017-04-07 07:20:33', 'A Menus Program has been edited by admin :tksubhashraj14@gmail.com', 'Menus', 2, 1, '210.18.171.89'),
(209, '2017-04-07 09:25:00', 'A Events New Route Plan has been deleted  by admin :tksubhashraj14@gmail.com', 'Events', 3, 1, '210.18.164.172'),
(210, '2017-04-07 09:28:39', 'A Appointment Users devtest has been edited by admin :tksubhashraj14@gmail.com', 'Appointment Users', 2, 1, '210.18.164.172'),
(211, '2017-04-08 06:13:12', 'A New Photo of the day jeevanacharya-photo has been added by admin :tksubhashraj14@gmail.com', 'Photo of the day', 1, 1, '210.18.162.39'),
(212, '2017-04-09 06:49:22', 'A New Photo of the day Todays Thoughts has been added by admin :tksubhashraj14@gmail.com', 'Photo of the day', 1, 1, '210.18.170.100'),
(213, '2017-04-09 06:49:31', 'A Photo of the day Todays Thoughts has been Activated  by admin :tksubhashraj14@gmail.com', 'Photo of the day', 4, 1, '210.18.170.100'),
(214, '2017-04-10 06:12:13', 'A Gallery item  has been edited by admin :tksubhashraj14@gmail.com', 'Gallery item', 2, 1, '210.18.148.245'),
(215, '2017-04-10 06:12:40', 'A Gallery item  has been edited by admin :tksubhashraj14@gmail.com', 'Gallery item', 2, 1, '210.18.148.245'),
(216, '2017-04-10 13:05:56', 'A New Photo of the day Message of the day has been added by admin :tksubhashraj14@gmail.com', 'Photo of the day', 1, 1, '210.18.149.151'),
(217, '2017-04-11 08:45:14', 'A New Photo of the day Jeevanacharya photo has been added by admin :tksubhashraj14@gmail.com', 'Photo of the day', 1, 1, '210.18.173.124'),
(218, '2017-04-11 14:01:45', 'A New Gallery itemhas been added by admin :tksubhashraj14@gmail.com', 'Gallery item', 1, 1, '210.18.172.201'),
(219, '2017-04-11 15:20:10', 'A Appointment Users devtest has been edited by admin :tksubhashraj14@gmail.com', 'Appointment Users', 2, 1, '210.18.172.201'),
(220, '2017-04-12 04:53:53', 'A New Photo of the day Jeevanacharya photo has been added by admin :tksubhashraj14@gmail.com', 'Photo of the day', 1, 1, '210.18.175.98'),
(221, '2017-04-13 05:13:38', 'A New Photo of the day Jeevanacharya Message of the day has been added by admin :tksubhashraj14@gmail.com', 'Photo of the day', 1, 1, '210.18.163.50'),
(222, '2017-04-15 04:50:37', 'A New Photo of the day jeevanacharya photo has been added by admin :tksubhashraj14@gmail.com', 'Photo of the day', 1, 1, '49.206.117.229'),
(223, '2017-04-15 06:17:22', 'A New Gallery Categories Meet at Central Board of Film Certification has been added by admin :tksubhashraj14@gmail.com', 'Gallery Categories', 1, 1, '49.206.117.229'),
(224, '2017-04-15 06:20:18', 'A New Gallery Categories Meet at Central Board of Film Certification01 has been added by admin :tksubhashraj14@gmail.com', 'Gallery Categories', 1, 1, '49.206.117.229'),
(225, '2017-04-15 06:21:02', 'A New Gallery Categories Meet at Central Board of Film Certification02 has been added by admin :tksubhashraj14@gmail.com', 'Gallery Categories', 1, 1, '49.206.117.229'),
(226, '2017-04-15 06:21:29', 'A New Gallery Categories Meet at Central Board of Film Certification03 has been added by admin :tksubhashraj14@gmail.com', 'Gallery Categories', 1, 1, '49.206.117.229'),
(227, '2017-04-15 06:21:48', 'A New Gallery Categories Meet at Central Board of Film Certification04 has been added by admin :tksubhashraj14@gmail.com', 'Gallery Categories', 1, 1, '49.206.117.229'),
(228, '2017-04-15 06:22:08', 'A New Gallery Categories Meet at Central Board of Film Certification05 has been added by admin :tksubhashraj14@gmail.com', 'Gallery Categories', 1, 1, '49.206.117.229'),
(229, '2017-04-15 06:22:43', 'A New Gallery Categories Meet at Central Board of Film Certification06 has been added by admin :tksubhashraj14@gmail.com', 'Gallery Categories', 1, 1, '49.206.117.229'),
(230, '2017-04-15 06:23:04', 'A New Gallery Categories Meet at Central Board of Film Certification07 has been added by admin :tksubhashraj14@gmail.com', 'Gallery Categories', 1, 1, '49.206.117.229'),
(231, '2017-04-15 06:23:39', 'A New Gallery Categories Meet at Central Board of Film Certification08 has been added by admin :tksubhashraj14@gmail.com', 'Gallery Categories', 1, 1, '49.206.117.229'),
(232, '2017-04-15 06:24:00', 'A New Gallery Categories Meet at Central Board of Film Certification09 has been added by admin :tksubhashraj14@gmail.com', 'Gallery Categories', 1, 1, '49.206.117.229'),
(233, '2017-04-15 06:26:14', 'A Gallery Categories  has been deleted  by admin :tksubhashraj14@gmail.com', 'Gallery Categories', 3, 1, '49.206.117.229'),
(234, '2017-04-15 06:26:22', 'A Gallery Categories  has been deleted  by admin :tksubhashraj14@gmail.com', 'Gallery Categories', 3, 1, '49.206.117.229'),
(235, '2017-04-15 06:26:28', 'A Gallery Categories  has been deleted  by admin :tksubhashraj14@gmail.com', 'Gallery Categories', 3, 1, '49.206.117.229'),
(236, '2017-04-15 06:26:32', 'A Gallery Categories  has been deleted  by admin :tksubhashraj14@gmail.com', 'Gallery Categories', 3, 1, '49.206.117.229'),
(237, '2017-04-15 06:26:38', 'A Gallery Categories  has been deleted  by admin :tksubhashraj14@gmail.com', 'Gallery Categories', 3, 1, '49.206.117.229'),
(238, '2017-04-15 06:26:43', 'A Gallery Categories  has been deleted  by admin :tksubhashraj14@gmail.com', 'Gallery Categories', 3, 1, '49.206.117.229'),
(239, '2017-04-15 06:26:47', 'A Gallery Categories  has been deleted  by admin :tksubhashraj14@gmail.com', 'Gallery Categories', 3, 1, '49.206.117.229'),
(240, '2017-04-15 06:26:51', 'A Gallery Categories  has been deleted  by admin :tksubhashraj14@gmail.com', 'Gallery Categories', 3, 1, '49.206.117.229'),
(241, '2017-04-15 06:26:56', 'A Gallery Categories  has been deleted  by admin :tksubhashraj14@gmail.com', 'Gallery Categories', 3, 1, '49.206.117.229'),
(242, '2017-04-15 06:27:48', 'A New Gallery itemhas been added by admin :tksubhashraj14@gmail.com', 'Gallery item', 1, 1, '49.206.117.229'),
(243, '2017-04-15 06:28:50', 'A New Gallery itemhas been added by admin :tksubhashraj14@gmail.com', 'Gallery item', 1, 1, '49.206.117.229'),
(244, '2017-04-15 06:29:12', 'A New Gallery itemhas been added by admin :tksubhashraj14@gmail.com', 'Gallery item', 1, 1, '49.206.117.229'),
(245, '2017-04-15 06:29:30', 'A New Gallery itemhas been added by admin :tksubhashraj14@gmail.com', 'Gallery item', 1, 1, '49.206.117.229'),
(246, '2017-04-15 06:29:49', 'A New Gallery itemhas been added by admin :tksubhashraj14@gmail.com', 'Gallery item', 1, 1, '49.206.117.229'),
(247, '2017-04-15 06:30:08', 'A New Gallery itemhas been added by admin :tksubhashraj14@gmail.com', 'Gallery item', 1, 1, '49.206.117.229'),
(248, '2017-04-15 06:30:29', 'A New Gallery itemhas been added by admin :tksubhashraj14@gmail.com', 'Gallery item', 1, 1, '49.206.117.229'),
(249, '2017-04-15 06:31:12', 'A New Gallery itemhas been added by admin :tksubhashraj14@gmail.com', 'Gallery item', 1, 1, '49.206.117.229'),
(250, '2017-04-15 06:31:33', 'A New Gallery itemhas been added by admin :tksubhashraj14@gmail.com', 'Gallery item', 1, 1, '49.206.117.229'),
(251, '2017-04-17 04:57:59', 'A New Photo of the day jeevanacharya message of the day has been added by admin :tksubhashraj14@gmail.com', 'Photo of the day', 1, 1, '49.207.185.240'),
(252, '2017-04-17 05:20:38', 'A New Gallery Categories Jeevanacharya Blessing Video has been added by admin :tksubhashraj14@gmail.com', 'Gallery Categories', 1, 1, '49.207.185.240'),
(253, '2017-04-17 05:35:43', 'A New Gallery itemhas been added by admin :tksubhashraj14@gmail.com', 'Gallery item', 1, 1, '49.207.185.240'),
(254, '2017-04-17 05:45:30', 'A Gallery item  has been edited by admin :tksubhashraj14@gmail.com', 'Gallery item', 2, 1, '49.207.185.240'),
(255, '2017-04-17 06:44:53', 'A Gallery Categories  has been edited by admin :tksubhashraj14@gmail.com', 'Gallery Categories', 2, 1, '49.207.185.240'),
(256, '2017-04-17 06:45:14', 'A Gallery Categories  has been edited by admin :tksubhashraj14@gmail.com', 'Gallery Categories', 2, 1, '49.207.185.240'),
(257, '2017-04-17 06:45:31', 'A Gallery Categories  has been edited by admin :tksubhashraj14@gmail.com', 'Gallery Categories', 2, 1, '49.207.185.240'),
(258, '2017-04-17 06:45:43', 'A Gallery Categories  has been edited by admin :tksubhashraj14@gmail.com', 'Gallery Categories', 2, 1, '49.207.185.240'),
(259, '2017-04-17 06:45:58', 'A Gallery Categories  has been edited by admin :tksubhashraj14@gmail.com', 'Gallery Categories', 2, 1, '49.207.185.240'),
(260, '2017-04-17 06:46:13', 'A Gallery Categories  has been edited by admin :tksubhashraj14@gmail.com', 'Gallery Categories', 2, 1, '49.207.185.240'),
(261, '2017-04-17 06:46:36', 'A Gallery Categories  has been edited by admin :tksubhashraj14@gmail.com', 'Gallery Categories', 2, 1, '49.207.185.240'),
(262, '2017-04-17 08:51:35', 'A New Gallery itemhas been added by admin :tksubhashraj14@gmail.com', 'Gallery item', 1, 1, '49.207.185.240'),
(263, '2017-04-17 08:56:59', 'A New Gallery itemhas been added by admin :tksubhashraj14@gmail.com', 'Gallery item', 1, 1, '49.207.185.240'),
(264, '2017-04-17 09:01:09', 'A Gallery item  has been edited by admin :tksubhashraj14@gmail.com', 'Gallery item', 2, 1, '49.207.185.240'),
(265, '2017-04-17 10:22:43', 'A New Gallery itemhas been added by admin :tksubhashraj14@gmail.com', 'Gallery item', 1, 1, '49.207.185.240'),
(266, '2017-04-17 10:25:25', 'A New Gallery itemhas been added by admin :tksubhashraj14@gmail.com', 'Gallery item', 1, 1, '49.207.185.240'),
(267, '2017-04-17 10:26:47', 'A New Gallery itemhas been added by admin :tksubhashraj14@gmail.com', 'Gallery item', 1, 1, '49.207.185.240'),
(268, '2017-04-17 10:33:20', 'A New Gallery itemhas been added by admin :tksubhashraj14@gmail.com', 'Gallery item', 1, 1, '49.207.185.240'),
(269, '2017-04-17 10:45:26', 'A Gallery Categories  has been edited by admin :tksubhashraj14@gmail.com', 'Gallery Categories', 2, 1, '49.207.185.240'),
(270, '2017-04-18 05:03:35', 'A Events  has been edited by admin :tksubhashraj14@gmail.com', 'Events', 2, 1, '49.207.185.240'),
(271, '2017-04-18 05:11:05', 'A New Photo of the day Jeevanacharya Message of the day has been added by admin :tksubhashraj14@gmail.com', 'Photo of the day', 1, 1, '49.207.185.240'),
(272, '2017-04-18 13:55:31', 'A New Menushas been added by admin :tksubhashraj14@gmail.com', 'Menus', 1, 1, '210.18.173.102'),
(273, '2017-04-18 14:01:58', 'A Menus Media has been deleted  by admin :tksubhashraj14@gmail.com', 'Menus', 3, 1, '210.18.173.102'),
(274, '2017-04-18 14:02:44', 'A New Menushas been added by admin :tksubhashraj14@gmail.com', 'Menus', 1, 1, '210.18.173.102'),
(275, '2017-04-19 04:49:50', 'A New Photo of the day Jeevanacharya Message of the day has been added by admin :tksubhashraj14@gmail.com', 'Photo of the day', 1, 1, '210.18.173.254'),
(276, '2017-04-19 08:51:34', 'A Menus Program has been edited by admin :tksubhashraj14@gmail.com', 'Menus', 2, 1, '210.18.173.254'),
(277, '2017-04-19 09:07:42', 'A Menus Program has been deleted  by admin :tksubhashraj14@gmail.com', 'Menus', 3, 1, '210.18.173.254'),
(278, '2017-04-19 09:09:19', 'A New Menushas been added by admin :tksubhashraj14@gmail.com', 'Menus', 1, 1, '210.18.173.254'),
(279, '2017-04-19 09:10:06', 'A Menus About Us has been edited by admin :tksubhashraj14@gmail.com', 'Menus', 2, 1, '210.18.173.254'),
(280, '2017-04-19 09:10:25', 'A Menus Way Of Life has been edited by admin :tksubhashraj14@gmail.com', 'Menus', 2, 1, '210.18.173.254'),
(281, '2017-04-19 09:10:37', 'A Menus Program has been edited by admin :tksubhashraj14@gmail.com', 'Menus', 2, 1, '210.18.173.254'),
(282, '2017-04-19 09:10:58', 'A Menus Gallery has been edited by admin :tksubhashraj14@gmail.com', 'Menus', 2, 1, '210.18.173.254'),
(283, '2017-04-19 09:11:09', 'A Menus Ashram has been edited by admin :tksubhashraj14@gmail.com', 'Menus', 2, 1, '210.18.173.254'),
(284, '2017-04-19 09:11:29', 'A Menus Contact us has been edited by admin :tksubhashraj14@gmail.com', 'Menus', 2, 1, '210.18.173.254'),
(285, '2017-04-19 09:15:00', 'A Menus Program has been edited by admin :tksubhashraj14@gmail.com', 'Menus', 2, 1, '210.18.173.254'),
(286, '2017-04-19 09:21:15', 'A Menus Program has been edited by admin :tksubhashraj14@gmail.com', 'Menus', 2, 1, '210.18.173.254'),
(287, '2017-04-19 09:26:03', 'A Menus Contact us has been deleted  by admin :tksubhashraj14@gmail.com', 'Menus', 3, 1, '210.18.173.254'),
(288, '2017-04-19 09:26:09', 'A Menus Program has been deleted  by admin :tksubhashraj14@gmail.com', 'Menus', 3, 1, '210.18.173.254'),
(289, '2017-04-19 09:26:21', 'A Menus Gallery has been deleted  by admin :tksubhashraj14@gmail.com', 'Menus', 3, 1, '210.18.173.254'),
(290, '2017-04-19 09:26:35', 'A Menus Ashram has been deleted  by admin :tksubhashraj14@gmail.com', 'Menus', 3, 1, '210.18.173.254'),
(291, '2017-04-19 09:27:11', 'A New Menushas been added by admin :tksubhashraj14@gmail.com', 'Menus', 1, 1, '210.18.173.254'),
(292, '2017-04-19 09:28:11', 'A New Menushas been added by admin :tksubhashraj14@gmail.com', 'Menus', 1, 1, '210.18.173.254'),
(293, '2017-04-19 09:29:22', 'A New Menushas been added by admin :tksubhashraj14@gmail.com', 'Menus', 1, 1, '210.18.173.254'),
(294, '2017-04-19 09:30:32', 'A New Menushas been added by admin :tksubhashraj14@gmail.com', 'Menus', 1, 1, '210.18.173.254'),
(295, '2017-04-20 12:12:14', 'A New Gallery Categories Jeevanacharya Angkorwat video has been added by admin :tksubhashraj14@gmail.com', 'Gallery Categories', 1, 1, '210.18.146.61'),
(296, '2017-04-20 12:12:57', 'A Gallery Categories  has been edited by admin :tksubhashraj14@gmail.com', 'Gallery Categories', 2, 1, '210.18.146.61'),
(297, '2017-04-20 12:13:49', 'A New Gallery itemhas been added by admin :tksubhashraj14@gmail.com', 'Gallery item', 1, 1, '210.18.146.61'),
(298, '2017-04-20 12:15:58', 'A Gallery Categories  has been edited by admin :tksubhashraj14@gmail.com', 'Gallery Categories', 2, 1, '210.18.146.61'),
(299, '2017-04-20 12:33:11', 'A Gallery item  has been edited by admin :tksubhashraj14@gmail.com', 'Gallery item', 2, 1, '210.18.146.61'),
(300, '2017-04-20 12:33:37', 'A Gallery item  has been edited by admin :tksubhashraj14@gmail.com', 'Gallery item', 2, 1, '210.18.146.61'),
(301, '2017-04-20 12:38:36', 'A Gallery item  has been edited by admin :tksubhashraj14@gmail.com', 'Gallery item', 2, 1, '210.18.146.61'),
(302, '2017-04-21 04:57:06', 'A Gallery Categories Jeevanacharya Blessing Video has been Deactivated  by admin :tksubhashraj14@gmail.com', 'Gallery Categories', 4, 1, '210.18.170.11'),
(303, '2017-04-21 06:43:54', 'A New Gallery Categories Jeevanacharya New Website Launch has been added by admin :tksubhashraj14@gmail.com', 'Gallery Categories', 1, 1, '210.18.170.11'),
(304, '2017-04-21 06:45:58', 'A New Gallery itemhas been added by admin :tksubhashraj14@gmail.com', 'Gallery item', 1, 1, '210.18.170.11'),
(305, '2017-04-21 06:47:30', 'A Gallery Categories  has been edited by admin :tksubhashraj14@gmail.com', 'Gallery Categories', 2, 1, '210.18.170.11'),
(306, '2017-04-21 06:51:35', 'A Gallery item  has been edited by admin :tksubhashraj14@gmail.com', 'Gallery item', 2, 1, '210.18.170.11'),
(307, '2017-04-21 06:52:13', 'A Gallery item  has been edited by admin :tksubhashraj14@gmail.com', 'Gallery item', 2, 1, '210.18.170.11'),
(308, '2017-04-21 06:59:37', 'A New Gallery Categories Jeevanacharya shri kumaran Swami gurujee Bangkok Discourse has been added by admin :tksubhashraj14@gmail.com', 'Gallery Categories', 1, 1, '210.18.170.11'),
(309, '2017-04-21 07:00:13', 'A New Gallery itemhas been added by admin :tksubhashraj14@gmail.com', 'Gallery item', 1, 1, '210.18.170.11'),
(310, '2017-04-21 07:07:20', 'A New Gallery Categories Jeevanacharya Speech has been added by admin :tksubhashraj14@gmail.com', 'Gallery Categories', 1, 1, '210.18.170.11'),
(311, '2017-04-21 07:08:00', 'A New Gallery itemhas been added by admin :tksubhashraj14@gmail.com', 'Gallery item', 1, 1, '210.18.170.11'),
(312, '2017-04-21 07:14:08', 'A New Gallery Categories World Peace & Adhyatma Jyotish Trust Part 1 has been added by admin :tksubhashraj14@gmail.com', 'Gallery Categories', 1, 1, '210.18.170.11'),
(313, '2017-04-21 07:15:04', 'A New Gallery itemhas been added by admin :tksubhashraj14@gmail.com', 'Gallery item', 1, 1, '210.18.170.11'),
(314, '2017-04-21 07:20:19', 'A New Gallery Categories Jeevanacharya World Peace & Adhyatma Jyotish Trust Press Conference Malaysia Part 1 has been added by admin :tksubhashraj14@gmail.com', 'Gallery Categories', 1, 1, '210.18.170.11'),
(315, '2017-04-21 07:21:08', 'A New Gallery itemhas been added by admin :tksubhashraj14@gmail.com', 'Gallery item', 1, 1, '210.18.170.11'),
(316, '2017-04-21 07:25:37', 'A New Gallery Categories Jeevanacharya World Peace & Adhyatma Jyotish Trust Press Conference Ranchi part 1 has been added by admin :tksubhashraj14@gmail.com', 'Gallery Categories', 1, 1, '210.18.170.11'),
(317, '2017-04-21 07:26:10', 'A New Gallery itemhas been added by admin :tksubhashraj14@gmail.com', 'Gallery item', 1, 1, '210.18.170.11'),
(318, '2017-04-21 07:27:42', 'A Gallery item Jeevanacharya New Website Launch,Bangkok Discourse,Jeevanacharya Speech and Awards,World Peace & Adhyatma Jyotish Trust,Jeevanacharya World Peace & Adhyatma Jyotish Trust - Press Conference Malaysia,Jeevanacharya World Peace & Adhyatma Jyotish Trust Press Conference Ranchi has been Deactivated  by admin :tksubhashraj14@gmail.com', 'Gallery item', 4, 1, '210.18.170.11'),
(319, '2017-04-21 07:28:11', 'A Gallery Categories  has been Deactivated  by admin :tksubhashraj14@gmail.com', 'Gallery Categories', 4, 1, '210.18.170.11'),
(320, '2017-04-24 04:32:49', 'A New Photo of the day jeevanacharya message of the day has been added by admin :tksubhashraj14@gmail.com', 'Photo of the day', 1, 1, '210.18.172.177'),
(321, '2017-04-24 04:35:19', 'A New Photo of the day jeevanacharya blessing of the day has been added by admin :tksubhashraj14@gmail.com', 'Photo of the day', 1, 1, '210.18.172.177'),
(322, '2017-04-24 04:36:08', 'A New Photo of the day jeevanacharya photo of the day has been added by admin :tksubhashraj14@gmail.com', 'Photo of the day', 1, 1, '210.18.172.177'),
(323, '2017-04-26 05:01:56', 'A New Photo of the day jeevanacharya message of the day has been added by admin :tksubhashraj14@gmail.com', 'Photo of the day', 1, 1, '210.18.173.160'),
(324, '2017-04-27 09:01:24', 'A Menus Contact us has been deleted  by admin :tksubhashraj14@gmail.com', 'Menus', 3, 1, '210.18.150.204'),
(325, '2017-04-27 09:01:49', 'A New Menushas been added by admin :tksubhashraj14@gmail.com', 'Menus', 1, 1, '210.18.150.204'),
(326, '2017-04-27 09:02:03', 'A Menus Contact us has been deleted  by admin :tksubhashraj14@gmail.com', 'Menus', 3, 1, '210.18.150.204'),
(327, '2017-04-27 09:02:17', 'A New Menushas been added by admin :tksubhashraj14@gmail.com', 'Menus', 1, 1, '210.18.150.204'),
(328, '2017-04-27 12:43:16', 'A Gallery Categories  has been edited by admin :tksubhashraj14@gmail.com', 'Gallery Categories', 2, 1, '210.18.150.204'),
(329, '2017-04-27 12:43:30', 'A Gallery Categories  has been edited by admin :tksubhashraj14@gmail.com', 'Gallery Categories', 2, 1, '210.18.150.204'),
(330, '2017-04-27 12:43:37', 'A Gallery Categories  has been edited by admin :tksubhashraj14@gmail.com', 'Gallery Categories', 2, 1, '210.18.150.204'),
(331, '2017-04-27 12:43:44', 'A Gallery Categories  has been edited by admin :tksubhashraj14@gmail.com', 'Gallery Categories', 2, 1, '210.18.150.204'),
(332, '2017-04-27 12:43:50', 'A Gallery Categories  has been edited by admin :tksubhashraj14@gmail.com', 'Gallery Categories', 2, 1, '210.18.150.204'),
(333, '2017-04-27 12:44:16', 'A Gallery Categories  has been edited by admin :tksubhashraj14@gmail.com', 'Gallery Categories', 2, 1, '210.18.150.204'),
(334, '2017-04-27 12:44:22', 'A Gallery Categories  has been edited by admin :tksubhashraj14@gmail.com', 'Gallery Categories', 2, 1, '210.18.150.204'),
(335, '2017-04-27 12:44:27', 'A Gallery Categories  has been edited by admin :tksubhashraj14@gmail.com', 'Gallery Categories', 2, 1, '210.18.150.204'),
(336, '2017-04-27 12:44:35', 'A Gallery Categories  has been edited by admin :tksubhashraj14@gmail.com', 'Gallery Categories', 2, 1, '210.18.150.204'),
(337, '2017-04-27 12:44:48', 'A Gallery Categories  has been edited by admin :tksubhashraj14@gmail.com', 'Gallery Categories', 2, 1, '210.18.150.204'),
(338, '2017-04-27 12:45:07', 'A Gallery Categories  has been edited by admin :tksubhashraj14@gmail.com', 'Gallery Categories', 2, 1, '210.18.150.204'),
(339, '2017-04-27 12:45:14', 'A Gallery Categories  has been edited by admin :tksubhashraj14@gmail.com', 'Gallery Categories', 2, 1, '210.18.150.204'),
(340, '2017-04-27 12:45:21', 'A Gallery Categories  has been edited by admin :tksubhashraj14@gmail.com', 'Gallery Categories', 2, 1, '210.18.150.204'),
(341, '2017-04-27 12:45:28', 'A Gallery Categories  has been edited by admin :tksubhashraj14@gmail.com', 'Gallery Categories', 2, 1, '210.18.150.204'),
(342, '2017-04-28 06:26:50', 'A New Gallery itemhas been added by admin :tksubhashraj14@gmail.com', 'Gallery item', 1, 1, '49.206.114.102'),
(343, '2017-04-28 06:31:52', 'A New Gallery itemhas been added by admin :tksubhashraj14@gmail.com', 'Gallery item', 1, 1, '49.206.114.102'),
(344, '2017-04-28 06:32:48', 'A Gallery item ssf has been deleted  by admin :tksubhashraj14@gmail.com', 'Gallery item', 3, 1, '49.206.114.102'),
(345, '2017-04-28 06:32:51', 'A Gallery item test has been deleted  by admin :tksubhashraj14@gmail.com', 'Gallery item', 3, 1, '49.206.114.102'),
(346, '2017-05-02 12:20:16', 'A Gallery Categories  has been edited by admin :tksubhashraj14@gmail.com', 'Gallery Categories', 2, 1, '49.206.114.102'),
(347, '2017-05-02 12:20:46', 'A Gallery Categories  has been edited by admin :tksubhashraj14@gmail.com', 'Gallery Categories', 2, 1, '49.206.114.102'),
(348, '2017-05-02 12:21:16', 'A Gallery Categories  has been edited by admin :tksubhashraj14@gmail.com', 'Gallery Categories', 2, 1, '49.206.114.102'),
(349, '2017-05-02 12:21:41', 'A Gallery Categories  has been edited by admin :tksubhashraj14@gmail.com', 'Gallery Categories', 2, 1, '49.206.114.102'),
(350, '2017-05-04 07:11:10', 'A Gallery Categories  has been edited by admin :tksubhashraj14@gmail.com', 'Gallery Categories', 2, 1, '210.18.167.176');
INSERT INTO `sramcms_log` (`id`, `created`, `msg`, `type`, `action_type_id`, `login_id`, `ip_address`) VALUES
(351, '2017-05-04 07:12:26', 'A Gallery Categories  has been edited by admin :tksubhashraj14@gmail.com', 'Gallery Categories', 2, 1, '210.18.167.176'),
(352, '2017-05-04 07:13:54', 'A Gallery Categories  has been edited by admin :tksubhashraj14@gmail.com', 'Gallery Categories', 2, 1, '210.18.167.176'),
(353, '2017-05-04 07:16:08', 'A Gallery Categories  has been edited by admin :tksubhashraj14@gmail.com', 'Gallery Categories', 2, 1, '210.18.167.176'),
(354, '2017-05-04 07:18:03', 'A Gallery Categories  has been edited by admin :tksubhashraj14@gmail.com', 'Gallery Categories', 2, 1, '210.18.167.176'),
(355, '2017-05-04 09:19:22', 'A Gallery Categories  has been edited by admin :tksubhashraj14@gmail.com', 'Gallery Categories', 2, 1, '210.18.167.176'),
(356, '2017-05-04 09:25:13', 'A Gallery Categories  has been edited by admin :tksubhashraj14@gmail.com', 'Gallery Categories', 2, 1, '210.18.167.176'),
(357, '2017-05-04 09:26:10', 'A Gallery Categories  has been edited by admin :tksubhashraj14@gmail.com', 'Gallery Categories', 2, 1, '210.18.167.176'),
(358, '2017-05-04 10:03:12', 'A Gallery Categories  has been edited by admin :tksubhashraj14@gmail.com', 'Gallery Categories', 2, 1, '210.18.167.176'),
(359, '2017-05-04 10:25:14', 'A Gallery Categories  has been edited by admin :tksubhashraj14@gmail.com', 'Gallery Categories', 2, 1, '210.18.168.178'),
(360, '2017-05-04 10:31:58', 'A Gallery Categories  has been edited by admin :tksubhashraj14@gmail.com', 'Gallery Categories', 2, 1, '210.18.168.178'),
(361, '2017-05-04 12:06:40', 'A Gallery Categories  has been edited by admin :tksubhashraj14@gmail.com', 'Gallery Categories', 2, 1, '210.18.168.178'),
(362, '2017-05-04 12:12:53', 'A Gallery Categories  has been edited by admin :tksubhashraj14@gmail.com', 'Gallery Categories', 2, 1, '210.18.168.178'),
(363, '2017-05-04 12:19:35', 'A Gallery Categories  has been edited by admin :tksubhashraj14@gmail.com', 'Gallery Categories', 2, 1, '210.18.168.178'),
(364, '2017-05-04 12:19:52', 'A Gallery Categories  has been edited by admin :tksubhashraj14@gmail.com', 'Gallery Categories', 2, 1, '210.18.168.178'),
(365, '2017-05-04 12:24:02', 'A Gallery Categories  has been edited by admin :tksubhashraj14@gmail.com', 'Gallery Categories', 2, 1, '210.18.168.178'),
(366, '2017-05-04 12:25:33', 'A Gallery Categories  has been edited by admin :tksubhashraj14@gmail.com', 'Gallery Categories', 2, 1, '210.18.168.178'),
(367, '2017-05-04 12:49:32', 'A Gallery Categories  has been edited by admin :tksubhashraj14@gmail.com', 'Gallery Categories', 2, 1, '210.18.168.178'),
(368, '2017-05-04 12:54:28', 'A Gallery Categories  has been edited by admin :tksubhashraj14@gmail.com', 'Gallery Categories', 2, 1, '210.18.168.178'),
(369, '2017-05-04 13:22:08', 'A Gallery Categories  has been edited by admin :tksubhashraj14@gmail.com', 'Gallery Categories', 2, 1, '210.18.168.178'),
(370, '2017-05-04 13:22:37', 'A Gallery Categories  has been edited by admin :tksubhashraj14@gmail.com', 'Gallery Categories', 2, 1, '210.18.168.178'),
(371, '2017-05-04 13:23:28', 'A Gallery Categories  has been deleted  by admin :tksubhashraj14@gmail.com', 'Gallery Categories', 3, 1, '210.18.168.178'),
(372, '2017-05-09 12:14:30', 'A Gallery item  has been edited by admin :tksubhashraj14@gmail.com', 'Gallery item', 2, 1, '210.18.165.161'),
(373, '2017-05-09 12:14:51', 'A Gallery item  has been edited by admin :tksubhashraj14@gmail.com', 'Gallery item', 2, 1, '210.18.165.161'),
(374, '2017-05-09 12:15:21', 'A Gallery item  has been edited by admin :tksubhashraj14@gmail.com', 'Gallery item', 2, 1, '210.18.165.161'),
(375, '2017-05-09 12:15:42', 'A Gallery item  has been edited by admin :tksubhashraj14@gmail.com', 'Gallery item', 2, 1, '210.18.165.161'),
(376, '2017-05-09 12:15:56', 'A Gallery item  has been edited by admin :tksubhashraj14@gmail.com', 'Gallery item', 2, 1, '210.18.165.161'),
(377, '2017-05-09 12:16:13', 'A Gallery item  has been edited by admin :tksubhashraj14@gmail.com', 'Gallery item', 2, 1, '210.18.165.161'),
(378, '2017-05-09 12:16:26', 'A Gallery item  has been edited by admin :tksubhashraj14@gmail.com', 'Gallery item', 2, 1, '210.18.165.161'),
(379, '2017-05-09 12:16:40', 'A Gallery item  has been edited by admin :tksubhashraj14@gmail.com', 'Gallery item', 2, 1, '210.18.165.161'),
(380, '2017-05-09 12:16:54', 'A Gallery item  has been edited by admin :tksubhashraj14@gmail.com', 'Gallery item', 2, 1, '210.18.165.161'),
(381, '2017-05-09 12:17:12', 'A Gallery item  has been edited by admin :tksubhashraj14@gmail.com', 'Gallery item', 2, 1, '210.18.165.161'),
(382, '2017-05-09 12:17:28', 'A Gallery item  has been edited by admin :tksubhashraj14@gmail.com', 'Gallery item', 2, 1, '210.18.165.161'),
(383, '2017-05-09 12:17:43', 'A Gallery item  has been edited by admin :tksubhashraj14@gmail.com', 'Gallery item', 2, 1, '210.18.165.161'),
(384, '2017-05-09 12:17:59', 'A Gallery item  has been edited by admin :tksubhashraj14@gmail.com', 'Gallery item', 2, 1, '210.18.165.161'),
(385, '2017-05-09 12:18:24', 'A Gallery item  has been edited by admin :tksubhashraj14@gmail.com', 'Gallery item', 2, 1, '210.18.165.161'),
(386, '2017-05-09 12:18:38', 'A Gallery item  has been edited by admin :tksubhashraj14@gmail.com', 'Gallery item', 2, 1, '210.18.165.161'),
(387, '2017-05-09 12:18:52', 'A Gallery item  has been edited by admin :tksubhashraj14@gmail.com', 'Gallery item', 2, 1, '210.18.165.161'),
(388, '2017-05-09 12:19:05', 'A Gallery item  has been edited by admin :tksubhashraj14@gmail.com', 'Gallery item', 2, 1, '210.18.165.161'),
(389, '2017-05-09 12:19:18', 'A Gallery item  has been edited by admin :tksubhashraj14@gmail.com', 'Gallery item', 2, 1, '210.18.165.161'),
(390, '2017-05-09 12:19:33', 'A Gallery item  has been edited by admin :tksubhashraj14@gmail.com', 'Gallery item', 2, 1, '210.18.165.161'),
(391, '2017-05-09 12:19:48', 'A Gallery item  has been edited by admin :tksubhashraj14@gmail.com', 'Gallery item', 2, 1, '210.18.165.161'),
(392, '2017-05-09 12:20:00', 'A Gallery item  has been edited by admin :tksubhashraj14@gmail.com', 'Gallery item', 2, 1, '210.18.165.161'),
(393, '2017-05-09 12:21:48', 'A Gallery Categories  has been edited by admin :tksubhashraj14@gmail.com', 'Gallery Categories', 2, 1, '210.18.165.161'),
(394, '2017-05-09 12:22:30', 'A Gallery item  has been edited by admin :tksubhashraj14@gmail.com', 'Gallery item', 2, 1, '210.18.165.161'),
(395, '2017-05-09 12:22:57', 'A Gallery item  has been edited by admin :tksubhashraj14@gmail.com', 'Gallery item', 2, 1, '210.18.165.161'),
(396, '2017-05-09 12:23:13', 'A Gallery item  has been edited by admin :tksubhashraj14@gmail.com', 'Gallery item', 2, 1, '210.18.165.161'),
(397, '2017-05-09 12:23:37', 'A Gallery item  has been edited by admin :tksubhashraj14@gmail.com', 'Gallery item', 2, 1, '210.18.165.161'),
(398, '2017-05-09 12:23:58', 'A Gallery item  has been edited by admin :tksubhashraj14@gmail.com', 'Gallery item', 2, 1, '210.18.165.161'),
(399, '2017-05-09 12:24:21', 'A Gallery item  has been edited by admin :tksubhashraj14@gmail.com', 'Gallery item', 2, 1, '210.18.165.161'),
(400, '2017-05-09 12:24:40', 'A Gallery item  has been edited by admin :tksubhashraj14@gmail.com', 'Gallery item', 2, 1, '210.18.165.161'),
(401, '2017-05-09 12:25:38', 'A Gallery item  has been edited by admin :tksubhashraj14@gmail.com', 'Gallery item', 2, 1, '210.18.165.161'),
(402, '2017-05-09 12:26:00', 'A Gallery item  has been edited by admin :tksubhashraj14@gmail.com', 'Gallery item', 2, 1, '210.18.165.161'),
(403, '2017-05-09 12:26:26', 'A Gallery item  has been edited by admin :tksubhashraj14@gmail.com', 'Gallery item', 2, 1, '210.18.165.161'),
(404, '2017-05-09 12:26:53', 'A Gallery item  has been edited by admin :tksubhashraj14@gmail.com', 'Gallery item', 2, 1, '210.18.165.161'),
(405, '2017-05-09 12:27:17', 'A Gallery item  has been edited by admin :tksubhashraj14@gmail.com', 'Gallery item', 2, 1, '210.18.165.161'),
(406, '2017-05-09 12:27:51', 'A Gallery item  has been edited by admin :tksubhashraj14@gmail.com', 'Gallery item', 2, 1, '210.18.165.161'),
(407, '2017-05-09 12:28:11', 'A Gallery item  has been edited by admin :tksubhashraj14@gmail.com', 'Gallery item', 2, 1, '210.18.165.161'),
(408, '2017-05-09 12:28:37', 'A Gallery item  has been edited by admin :tksubhashraj14@gmail.com', 'Gallery item', 2, 1, '210.18.165.161'),
(409, '2017-05-09 12:28:54', 'A Gallery item  has been edited by admin :tksubhashraj14@gmail.com', 'Gallery item', 2, 1, '210.18.165.161'),
(410, '2017-05-09 12:29:09', 'A Gallery item  has been edited by admin :tksubhashraj14@gmail.com', 'Gallery item', 2, 1, '210.18.165.161'),
(411, '2017-05-09 12:30:03', 'A Gallery Categories  has been edited by admin :tksubhashraj14@gmail.com', 'Gallery Categories', 2, 1, '210.18.165.161'),
(412, '2017-05-09 12:32:51', 'A Gallery item  has been edited by admin :tksubhashraj14@gmail.com', 'Gallery item', 2, 1, '210.18.165.161'),
(413, '2017-05-09 12:33:17', 'A Gallery item  has been edited by admin :tksubhashraj14@gmail.com', 'Gallery item', 2, 1, '210.18.165.161'),
(414, '2017-05-09 12:33:35', 'A Gallery item  has been edited by admin :tksubhashraj14@gmail.com', 'Gallery item', 2, 1, '210.18.165.161'),
(415, '2017-05-09 12:33:51', 'A Gallery item  has been edited by admin :tksubhashraj14@gmail.com', 'Gallery item', 2, 1, '210.18.165.161'),
(416, '2017-05-09 12:34:16', 'A Gallery item  has been edited by admin :tksubhashraj14@gmail.com', 'Gallery item', 2, 1, '210.18.165.161'),
(417, '2017-05-09 12:34:41', 'A Gallery item  has been edited by admin :tksubhashraj14@gmail.com', 'Gallery item', 2, 1, '210.18.165.161'),
(418, '2017-05-09 12:35:09', 'A Gallery item  has been edited by admin :tksubhashraj14@gmail.com', 'Gallery item', 2, 1, '210.18.165.161'),
(419, '2017-05-09 12:35:30', 'A Gallery item  has been edited by admin :tksubhashraj14@gmail.com', 'Gallery item', 2, 1, '210.18.165.161'),
(420, '2017-05-09 12:36:00', 'A Gallery item  has been edited by admin :tksubhashraj14@gmail.com', 'Gallery item', 2, 1, '210.18.165.161'),
(421, '2017-05-09 12:36:27', 'A Gallery item  has been edited by admin :tksubhashraj14@gmail.com', 'Gallery item', 2, 1, '210.18.165.161'),
(422, '2017-05-09 12:36:50', 'A Gallery item  has been edited by admin :tksubhashraj14@gmail.com', 'Gallery item', 2, 1, '210.18.165.161'),
(423, '2017-05-09 12:37:09', 'A Gallery item  has been edited by admin :tksubhashraj14@gmail.com', 'Gallery item', 2, 1, '210.18.165.161'),
(424, '2017-05-09 12:37:27', 'A Gallery item  has been edited by admin :tksubhashraj14@gmail.com', 'Gallery item', 2, 1, '210.18.165.161'),
(425, '2017-05-09 12:37:46', 'A Gallery item  has been edited by admin :tksubhashraj14@gmail.com', 'Gallery item', 2, 1, '210.18.165.161'),
(426, '2017-05-09 12:39:28', 'A Gallery Categories  has been edited by admin :tksubhashraj14@gmail.com', 'Gallery Categories', 2, 1, '210.18.165.161'),
(427, '2017-05-09 12:39:55', 'A Gallery Categories  has been edited by admin :tksubhashraj14@gmail.com', 'Gallery Categories', 2, 1, '210.18.165.161'),
(428, '2017-05-09 12:40:32', 'A Gallery item  has been edited by admin :tksubhashraj14@gmail.com', 'Gallery item', 2, 1, '210.18.165.161'),
(429, '2017-05-09 12:40:48', 'A Gallery item  has been edited by admin :tksubhashraj14@gmail.com', 'Gallery item', 2, 1, '210.18.165.161'),
(430, '2017-05-09 12:41:06', 'A Gallery item  has been edited by admin :tksubhashraj14@gmail.com', 'Gallery item', 2, 1, '210.18.165.161'),
(431, '2017-05-09 12:41:25', 'A Gallery item  has been edited by admin :tksubhashraj14@gmail.com', 'Gallery item', 2, 1, '210.18.165.161'),
(432, '2017-05-09 12:41:43', 'A Gallery item  has been edited by admin :tksubhashraj14@gmail.com', 'Gallery item', 2, 1, '210.18.165.161'),
(433, '2017-05-09 12:42:23', 'A Gallery item  has been edited by admin :tksubhashraj14@gmail.com', 'Gallery item', 2, 1, '210.18.165.161'),
(434, '2017-05-09 12:42:41', 'A Gallery item  has been edited by admin :tksubhashraj14@gmail.com', 'Gallery item', 2, 1, '210.18.165.161'),
(435, '2017-05-09 12:43:02', 'A Gallery item  has been edited by admin :tksubhashraj14@gmail.com', 'Gallery item', 2, 1, '210.18.165.161'),
(436, '2017-05-09 12:43:25', 'A Gallery item  has been edited by admin :tksubhashraj14@gmail.com', 'Gallery item', 2, 1, '210.18.165.161'),
(437, '2017-05-09 12:43:50', 'A Gallery item  has been edited by admin :tksubhashraj14@gmail.com', 'Gallery item', 2, 1, '210.18.165.161'),
(438, '2017-05-09 12:44:08', 'A Gallery item  has been edited by admin :tksubhashraj14@gmail.com', 'Gallery item', 2, 1, '210.18.165.161'),
(439, '2017-05-09 12:44:27', 'A Gallery item  has been edited by admin :tksubhashraj14@gmail.com', 'Gallery item', 2, 1, '210.18.165.161'),
(440, '2017-05-09 12:44:48', 'A Gallery item  has been edited by admin :tksubhashraj14@gmail.com', 'Gallery item', 2, 1, '210.18.165.161'),
(441, '2017-05-09 12:45:05', 'A Gallery item  has been edited by admin :tksubhashraj14@gmail.com', 'Gallery item', 2, 1, '210.18.165.161'),
(442, '2017-05-09 12:45:26', 'A Gallery item  has been edited by admin :tksubhashraj14@gmail.com', 'Gallery item', 2, 1, '210.18.165.161'),
(443, '2017-05-09 12:45:45', 'A Gallery item  has been edited by admin :tksubhashraj14@gmail.com', 'Gallery item', 2, 1, '210.18.165.161'),
(444, '2017-05-09 12:46:05', 'A Gallery item  has been edited by admin :tksubhashraj14@gmail.com', 'Gallery item', 2, 1, '210.18.165.161'),
(445, '2017-05-09 12:46:21', 'A Gallery item  has been edited by admin :tksubhashraj14@gmail.com', 'Gallery item', 2, 1, '210.18.165.161'),
(446, '2017-05-09 12:46:46', 'A Gallery item  has been edited by admin :tksubhashraj14@gmail.com', 'Gallery item', 2, 1, '210.18.165.161'),
(447, '2017-05-09 12:47:33', 'A Gallery item  has been edited by admin :tksubhashraj14@gmail.com', 'Gallery item', 2, 1, '210.18.165.161'),
(448, '2017-05-09 12:47:50', 'A Gallery item  has been edited by admin :tksubhashraj14@gmail.com', 'Gallery item', 2, 1, '210.18.165.161'),
(449, '2017-05-09 12:48:06', 'A Gallery item  has been edited by admin :tksubhashraj14@gmail.com', 'Gallery item', 2, 1, '210.18.165.161'),
(450, '2017-05-09 12:48:21', 'A Gallery item  has been edited by admin :tksubhashraj14@gmail.com', 'Gallery item', 2, 1, '210.18.165.161'),
(451, '2017-05-09 13:09:34', 'A Gallery Categories  has been edited by admin :tksubhashraj14@gmail.com', 'Gallery Categories', 2, 1, '49.206.114.102'),
(452, '2017-05-09 13:10:41', 'A Gallery item  has been edited by admin :tksubhashraj14@gmail.com', 'Gallery item', 2, 1, '49.206.114.102'),
(453, '2017-05-09 13:10:58', 'A Gallery item  has been edited by admin :tksubhashraj14@gmail.com', 'Gallery item', 2, 1, '49.206.114.102'),
(454, '2017-05-09 13:11:19', 'A Gallery item  has been edited by admin :tksubhashraj14@gmail.com', 'Gallery item', 2, 1, '49.206.114.102'),
(455, '2017-05-09 13:11:39', 'A Gallery item  has been edited by admin :tksubhashraj14@gmail.com', 'Gallery item', 2, 1, '49.206.114.102'),
(456, '2017-05-09 13:11:57', 'A Gallery item  has been edited by admin :tksubhashraj14@gmail.com', 'Gallery item', 2, 1, '49.206.114.102'),
(457, '2017-05-09 13:12:18', 'A Gallery item  has been edited by admin :tksubhashraj14@gmail.com', 'Gallery item', 2, 1, '49.206.114.102'),
(458, '2017-05-09 13:12:46', 'A Gallery item  has been edited by admin :tksubhashraj14@gmail.com', 'Gallery item', 2, 1, '49.206.114.102'),
(459, '2017-05-09 13:13:07', 'A Gallery item  has been edited by admin :tksubhashraj14@gmail.com', 'Gallery item', 2, 1, '49.206.114.102'),
(460, '2017-05-09 13:13:28', 'A Gallery item  has been edited by admin :tksubhashraj14@gmail.com', 'Gallery item', 2, 1, '49.206.114.102'),
(461, '2017-05-09 13:17:13', 'A Gallery item  has been edited by admin :tksubhashraj14@gmail.com', 'Gallery item', 2, 1, '49.206.114.102'),
(462, '2017-05-09 13:17:51', 'A Gallery item  has been edited by admin :tksubhashraj14@gmail.com', 'Gallery item', 2, 1, '49.206.114.102'),
(463, '2017-05-09 13:18:15', 'A Gallery item  has been edited by admin :tksubhashraj14@gmail.com', 'Gallery item', 2, 1, '49.206.114.102'),
(464, '2017-05-09 13:18:51', 'A Gallery item  has been edited by admin :tksubhashraj14@gmail.com', 'Gallery item', 2, 1, '49.206.114.102'),
(465, '2017-05-11 13:15:07', 'A Events testroute has been deleted  by admin :tksubhashraj14@gmail.com', 'Events', 3, 1, '49.207.187.62'),
(466, '2017-05-12 12:35:55', 'A Photo of the day jeevanacharya_message_of_the_day-01 has been edited by admin :tksubhashraj14@gmail.com', 'Photo of the day', 2, 1, '49.207.187.62'),
(467, '2017-05-13 07:33:38', 'A New Gallery Categories Jeevanacharya - Shri Dhandayuthapani Temple, Yangon, Myanmar has been added by admin :tksubhashraj14@gmail.com', 'Gallery Categories', 1, 1, '49.207.187.62'),
(468, '2017-05-13 07:34:01', 'A Gallery Categories  has been edited by admin :tksubhashraj14@gmail.com', 'Gallery Categories', 2, 1, '49.207.187.62'),
(469, '2017-05-13 07:34:14', 'A Gallery Categories  has been edited by admin :tksubhashraj14@gmail.com', 'Gallery Categories', 2, 1, '49.207.187.62'),
(470, '2017-05-13 07:34:47', 'A New Gallery itemhas been added by admin :tksubhashraj14@gmail.com', 'Gallery item', 1, 1, '49.207.187.62'),
(471, '2017-05-13 07:35:18', 'A New Gallery itemhas been added by admin :tksubhashraj14@gmail.com', 'Gallery item', 1, 1, '49.207.187.62'),
(472, '2017-05-13 07:35:32', 'A New Gallery itemhas been added by admin :tksubhashraj14@gmail.com', 'Gallery item', 1, 1, '49.207.187.62'),
(473, '2017-05-13 07:35:46', 'A New Gallery itemhas been added by admin :tksubhashraj14@gmail.com', 'Gallery item', 1, 1, '49.207.187.62'),
(474, '2017-05-13 07:36:04', 'A New Gallery itemhas been added by admin :tksubhashraj14@gmail.com', 'Gallery item', 1, 1, '49.207.187.62'),
(475, '2017-05-13 07:36:15', 'A New Gallery itemhas been added by admin :tksubhashraj14@gmail.com', 'Gallery item', 1, 1, '49.207.187.62'),
(476, '2017-05-13 07:36:29', 'A New Gallery itemhas been added by admin :tksubhashraj14@gmail.com', 'Gallery item', 1, 1, '49.207.187.62'),
(477, '2017-05-13 07:36:40', 'A New Gallery itemhas been added by admin :tksubhashraj14@gmail.com', 'Gallery item', 1, 1, '49.207.187.62'),
(478, '2017-05-13 07:36:51', 'A New Gallery itemhas been added by admin :tksubhashraj14@gmail.com', 'Gallery item', 1, 1, '49.207.187.62'),
(479, '2017-05-13 07:37:05', 'A New Gallery itemhas been added by admin :tksubhashraj14@gmail.com', 'Gallery item', 1, 1, '49.207.187.62'),
(480, '2017-05-13 07:37:26', 'A New Gallery itemhas been added by admin :tksubhashraj14@gmail.com', 'Gallery item', 1, 1, '49.207.187.62'),
(481, '2017-05-13 07:37:38', 'A New Gallery itemhas been added by admin :tksubhashraj14@gmail.com', 'Gallery item', 1, 1, '49.207.187.62'),
(482, '2017-05-13 08:39:36', 'A New Gallery itemhas been added by admin :tksubhashraj14@gmail.com', 'Gallery item', 1, 1, '49.207.187.62'),
(483, '2017-05-13 08:39:55', 'A Gallery item Jeevanacharya - Shri Dhandayuthapani Temple, Yangon, Myanmar has been Activated  by admin :tksubhashraj14@gmail.com', 'Gallery item', 4, 1, '49.207.187.62'),
(484, '2017-05-13 09:23:38', 'A Gallery item Jeevanacharya - Shri Dhandayuthapani Temple, Yangon, Myanmar has been deleted  by admin :tksubhashraj14@gmail.com', 'Gallery item', 3, 1, '49.207.187.62'),
(485, '2017-05-13 09:25:37', 'A New Gallery itemhas been added by admin :tksubhashraj14@gmail.com', 'Gallery item', 1, 1, '49.207.187.62'),
(486, '2017-05-13 10:02:15', 'A Gallery item Jeevanacharya - Shri Dhandayuthapani Temple, Yangon, Myanmar has been deleted  by admin :tksubhashraj14@gmail.com', 'Gallery item', 3, 1, '49.207.187.62'),
(487, '2017-05-13 10:02:17', 'A Gallery item Jeevanacharya - Shri Dhandayuthapani Temple, Yangon, Myanmar has been deleted  by admin :tksubhashraj14@gmail.com', 'Gallery item', 3, 1, '49.207.187.62'),
(488, '2017-05-13 10:02:19', 'A Gallery item Jeevanacharya - Shri Dhandayuthapani Temple, Yangon, Myanmar has been deleted  by admin :tksubhashraj14@gmail.com', 'Gallery item', 3, 1, '49.207.187.62'),
(489, '2017-05-13 10:02:20', 'A Gallery item Jeevanacharya - Shri Dhandayuthapani Temple, Yangon, Myanmar has been deleted  by admin :tksubhashraj14@gmail.com', 'Gallery item', 3, 1, '49.207.187.62'),
(490, '2017-05-13 10:02:22', 'A Gallery item Jeevanacharya - Shri Dhandayuthapani Temple, Yangon, Myanmar has been deleted  by admin :tksubhashraj14@gmail.com', 'Gallery item', 3, 1, '49.207.187.62'),
(491, '2017-05-13 10:02:24', 'A Gallery item Jeevanacharya - Shri Dhandayuthapani Temple, Yangon, Myanmar has been deleted  by admin :tksubhashraj14@gmail.com', 'Gallery item', 3, 1, '49.207.187.62'),
(492, '2017-05-13 10:02:25', 'A Gallery item Jeevanacharya - Shri Dhandayuthapani Temple, Yangon, Myanmar has been deleted  by admin :tksubhashraj14@gmail.com', 'Gallery item', 3, 1, '49.207.187.62'),
(493, '2017-05-13 10:02:27', 'A Gallery item Jeevanacharya - Shri Dhandayuthapani Temple, Yangon, Myanmar has been deleted  by admin :tksubhashraj14@gmail.com', 'Gallery item', 3, 1, '49.207.187.62'),
(494, '2017-05-13 10:02:29', 'A Gallery item Jeevanacharya - Shri Dhandayuthapani Temple, Yangon, Myanmar has been deleted  by admin :tksubhashraj14@gmail.com', 'Gallery item', 3, 1, '49.207.187.62'),
(495, '2017-05-13 10:02:31', 'A Gallery item Jeevanacharya - Shri Dhandayuthapani Temple, Yangon, Myanmar has been deleted  by admin :tksubhashraj14@gmail.com', 'Gallery item', 3, 1, '49.207.187.62'),
(496, '2017-05-13 10:02:32', 'A Gallery item Jeevanacharya - Shri Dhandayuthapani Temple, Yangon, Myanmar has been deleted  by admin :tksubhashraj14@gmail.com', 'Gallery item', 3, 1, '49.207.187.62'),
(497, '2017-05-13 10:02:34', 'A Gallery item Jeevanacharya - Shri Dhandayuthapani Temple, Yangon, Myanmar has been deleted  by admin :tksubhashraj14@gmail.com', 'Gallery item', 3, 1, '49.207.187.62'),
(498, '2017-05-13 10:03:44', 'A New Gallery itemhas been added by admin :tksubhashraj14@gmail.com', 'Gallery item', 1, 1, '49.207.187.62'),
(499, '2017-05-13 10:04:02', 'A New Gallery itemhas been added by admin :tksubhashraj14@gmail.com', 'Gallery item', 1, 1, '49.207.187.62'),
(500, '2017-05-13 10:04:16', 'A New Gallery itemhas been added by admin :tksubhashraj14@gmail.com', 'Gallery item', 1, 1, '49.207.187.62'),
(501, '2017-05-13 10:04:34', 'A New Gallery itemhas been added by admin :tksubhashraj14@gmail.com', 'Gallery item', 1, 1, '49.207.187.62'),
(502, '2017-05-13 10:04:54', 'A New Gallery itemhas been added by admin :tksubhashraj14@gmail.com', 'Gallery item', 1, 1, '49.207.187.62'),
(503, '2017-05-13 10:05:11', 'A New Gallery itemhas been added by admin :tksubhashraj14@gmail.com', 'Gallery item', 1, 1, '49.207.187.62'),
(504, '2017-05-13 10:05:26', 'A New Gallery itemhas been added by admin :tksubhashraj14@gmail.com', 'Gallery item', 1, 1, '49.207.187.62'),
(505, '2017-05-13 10:05:40', 'A New Gallery itemhas been added by admin :tksubhashraj14@gmail.com', 'Gallery item', 1, 1, '49.207.187.62'),
(506, '2017-05-13 10:05:57', 'A New Gallery itemhas been added by admin :tksubhashraj14@gmail.com', 'Gallery item', 1, 1, '49.207.187.62'),
(507, '2017-05-13 10:06:14', 'A New Gallery itemhas been added by admin :tksubhashraj14@gmail.com', 'Gallery item', 1, 1, '49.207.187.62'),
(508, '2017-05-13 10:06:28', 'A New Gallery itemhas been added by admin :tksubhashraj14@gmail.com', 'Gallery item', 1, 1, '49.207.187.62'),
(509, '2017-05-13 10:07:22', 'A New Menushas been added by admin :tksubhashraj14@gmail.com', 'Menus', 1, 1, '49.207.187.62'),
(510, '2017-05-13 10:07:55', 'A New Gallery itemhas been added by admin :tksubhashraj14@gmail.com', 'Gallery item', 1, 1, '49.207.187.62'),
(511, '2017-05-13 10:08:08', 'A New Gallery itemhas been added by admin :tksubhashraj14@gmail.com', 'Gallery item', 1, 1, '49.207.187.62'),
(512, '2017-05-13 10:08:24', 'A New Gallery itemhas been added by admin :tksubhashraj14@gmail.com', 'Gallery item', 1, 1, '49.207.187.62'),
(513, '2017-05-13 10:08:41', 'A New Gallery itemhas been added by admin :tksubhashraj14@gmail.com', 'Gallery item', 1, 1, '49.207.187.62'),
(514, '2017-05-13 10:09:07', 'A New Gallery itemhas been added by admin :tksubhashraj14@gmail.com', 'Gallery item', 1, 1, '49.207.187.62'),
(515, '2017-05-13 10:09:26', 'A New Gallery itemhas been added by admin :tksubhashraj14@gmail.com', 'Gallery item', 1, 1, '49.207.187.62'),
(516, '2017-05-13 10:09:49', 'A New Gallery itemhas been added by admin :tksubhashraj14@gmail.com', 'Gallery item', 1, 1, '49.207.187.62'),
(517, '2017-05-13 10:10:22', 'A New Gallery itemhas been added by admin :tksubhashraj14@gmail.com', 'Gallery item', 1, 1, '49.207.187.62'),
(518, '2017-05-13 10:10:36', 'A Gallery item Jeevanacharya - Shri Dhandayuthapani Temple, Yangon, Myanmar17 has been deleted  by admin :tksubhashraj14@gmail.com', 'Gallery item', 3, 1, '49.207.187.62'),
(519, '2017-05-13 10:10:58', 'A New Gallery itemhas been added by admin :tksubhashraj14@gmail.com', 'Gallery item', 1, 1, '49.207.187.62'),
(520, '2017-05-13 10:11:12', 'A New Gallery itemhas been added by admin :tksubhashraj14@gmail.com', 'Gallery item', 1, 1, '49.207.187.62'),
(521, '2017-05-13 10:11:27', 'A New Gallery itemhas been added by admin :tksubhashraj14@gmail.com', 'Gallery item', 1, 1, '49.207.187.62'),
(522, '2017-05-13 13:07:25', 'A New Menushas been added by admin :tksubhashraj14@gmail.com', 'Menus', 1, 1, '49.207.187.62'),
(523, '2017-05-17 07:24:00', 'A Gallery item  has been edited by admin :tksubhashraj14@gmail.com', 'Gallery item', 2, 1, '210.18.146.34'),
(524, '2017-05-17 10:15:25', 'A Gallery item  has been edited by admin :tksubhashraj14@gmail.com', 'Gallery item', 2, 1, '210.18.146.34'),
(525, '2017-05-17 10:17:51', 'A Gallery item  has been edited by admin :tksubhashraj14@gmail.com', 'Gallery item', 2, 1, '210.18.146.34'),
(526, '2017-05-17 10:18:09', 'A Gallery item  has been edited by admin :tksubhashraj14@gmail.com', 'Gallery item', 2, 1, '210.18.146.34'),
(527, '2017-05-17 10:18:23', 'A Gallery item  has been edited by admin :tksubhashraj14@gmail.com', 'Gallery item', 2, 1, '210.18.146.34'),
(528, '2017-05-17 10:18:46', 'A Gallery item  has been edited by admin :tksubhashraj14@gmail.com', 'Gallery item', 2, 1, '210.18.146.34'),
(529, '2017-05-17 10:19:00', 'A Gallery item  has been edited by admin :tksubhashraj14@gmail.com', 'Gallery item', 2, 1, '210.18.146.34'),
(530, '2017-05-17 10:19:17', 'A Gallery item  has been edited by admin :tksubhashraj14@gmail.com', 'Gallery item', 2, 1, '210.18.146.34'),
(531, '2017-05-17 10:19:31', 'A Gallery item  has been edited by admin :tksubhashraj14@gmail.com', 'Gallery item', 2, 1, '210.18.146.34'),
(532, '2017-05-17 10:19:46', 'A Gallery item  has been edited by admin :tksubhashraj14@gmail.com', 'Gallery item', 2, 1, '210.18.146.34'),
(533, '2017-05-17 10:20:02', 'A Gallery item  has been edited by admin :tksubhashraj14@gmail.com', 'Gallery item', 2, 1, '210.18.146.34'),
(534, '2017-05-17 10:20:22', 'A Gallery item  has been edited by admin :tksubhashraj14@gmail.com', 'Gallery item', 2, 1, '210.18.146.34'),
(535, '2017-05-17 10:20:39', 'A Gallery item  has been edited by admin :tksubhashraj14@gmail.com', 'Gallery item', 2, 1, '210.18.146.34'),
(536, '2017-05-17 10:21:04', 'A Gallery item  has been edited by admin :tksubhashraj14@gmail.com', 'Gallery item', 2, 1, '210.18.146.34'),
(537, '2017-05-17 10:21:25', 'A Gallery item  has been edited by admin :tksubhashraj14@gmail.com', 'Gallery item', 2, 1, '210.18.146.34'),
(538, '2017-05-17 10:21:43', 'A Gallery item  has been edited by admin :tksubhashraj14@gmail.com', 'Gallery item', 2, 1, '210.18.146.34'),
(539, '2017-05-17 10:21:59', 'A Gallery item  has been edited by admin :tksubhashraj14@gmail.com', 'Gallery item', 2, 1, '210.18.146.34'),
(540, '2017-05-17 10:22:12', 'A Gallery item  has been edited by admin :tksubhashraj14@gmail.com', 'Gallery item', 2, 1, '210.18.146.34'),
(541, '2017-05-17 10:22:28', 'A Gallery item  has been edited by admin :tksubhashraj14@gmail.com', 'Gallery item', 2, 1, '210.18.146.34'),
(542, '2017-05-17 10:22:43', 'A Gallery item  has been edited by admin :tksubhashraj14@gmail.com', 'Gallery item', 2, 1, '210.18.146.34'),
(543, '2017-05-17 10:22:59', 'A Gallery item  has been edited by admin :tksubhashraj14@gmail.com', 'Gallery item', 2, 1, '210.18.146.34'),
(544, '2017-05-17 10:23:17', 'A Gallery item  has been edited by admin :tksubhashraj14@gmail.com', 'Gallery item', 2, 1, '210.18.146.34'),
(545, '2017-05-17 10:23:28', 'A Gallery item  has been deleted  by admin :tksubhashraj14@gmail.com', 'Gallery item', 3, 1, '210.18.146.34'),
(546, '2017-05-17 10:25:56', 'A Gallery item  has been edited by admin :tksubhashraj14@gmail.com', 'Gallery item', 2, 1, '210.18.146.34'),
(547, '2017-05-17 10:26:06', 'A Gallery item  has been edited by admin :tksubhashraj14@gmail.com', 'Gallery item', 2, 1, '210.18.146.34'),
(548, '2017-05-17 10:26:20', 'A Gallery item  has been edited by admin :tksubhashraj14@gmail.com', 'Gallery item', 2, 1, '210.18.146.34'),
(549, '2017-05-17 10:26:32', 'A Gallery item  has been edited by admin :tksubhashraj14@gmail.com', 'Gallery item', 2, 1, '210.18.146.34'),
(550, '2017-05-17 10:26:43', 'A Gallery item  has been edited by admin :tksubhashraj14@gmail.com', 'Gallery item', 2, 1, '210.18.146.34'),
(551, '2017-05-17 10:26:55', 'A Gallery item  has been edited by admin :tksubhashraj14@gmail.com', 'Gallery item', 2, 1, '210.18.146.34'),
(552, '2017-05-17 10:27:07', 'A Gallery item  has been edited by admin :tksubhashraj14@gmail.com', 'Gallery item', 2, 1, '210.18.146.34'),
(553, '2017-05-17 10:27:21', 'A Gallery item  has been edited by admin :tksubhashraj14@gmail.com', 'Gallery item', 2, 1, '210.18.146.34'),
(554, '2017-05-17 10:27:34', 'A Gallery item  has been edited by admin :tksubhashraj14@gmail.com', 'Gallery item', 2, 1, '210.18.146.34'),
(555, '2017-05-17 10:27:45', 'A Gallery item  has been edited by admin :tksubhashraj14@gmail.com', 'Gallery item', 2, 1, '210.18.146.34'),
(556, '2017-05-17 10:28:16', 'A Gallery item  has been edited by admin :tksubhashraj14@gmail.com', 'Gallery item', 2, 1, '210.18.146.34'),
(557, '2017-05-17 10:28:31', 'A Gallery item  has been edited by admin :tksubhashraj14@gmail.com', 'Gallery item', 2, 1, '210.18.146.34'),
(558, '2017-05-17 10:28:44', 'A Gallery item  has been edited by admin :tksubhashraj14@gmail.com', 'Gallery item', 2, 1, '210.18.146.34'),
(559, '2017-05-17 10:28:56', 'A Gallery item  has been edited by admin :tksubhashraj14@gmail.com', 'Gallery item', 2, 1, '210.18.146.34'),
(560, '2017-05-17 10:29:16', 'A Gallery item  has been edited by admin :tksubhashraj14@gmail.com', 'Gallery item', 2, 1, '210.18.146.34'),
(561, '2017-05-17 10:29:27', 'A Gallery item  has been edited by admin :tksubhashraj14@gmail.com', 'Gallery item', 2, 1, '210.18.146.34'),
(562, '2017-05-17 10:29:36', 'A Gallery item  has been edited by admin :tksubhashraj14@gmail.com', 'Gallery item', 2, 1, '210.18.146.34'),
(563, '2017-05-17 10:31:04', 'A Gallery item  has been edited by admin :tksubhashraj14@gmail.com', 'Gallery item', 2, 1, '210.18.146.34'),
(564, '2017-05-17 10:31:14', 'A Gallery item  has been edited by admin :tksubhashraj14@gmail.com', 'Gallery item', 2, 1, '210.18.146.34'),
(565, '2017-05-17 10:31:24', 'A Gallery item  has been edited by admin :tksubhashraj14@gmail.com', 'Gallery item', 2, 1, '210.18.146.34'),
(566, '2017-05-17 10:31:37', 'A Gallery item  has been edited by admin :tksubhashraj14@gmail.com', 'Gallery item', 2, 1, '210.18.146.34'),
(567, '2017-05-17 10:31:55', 'A Gallery item  has been edited by admin :tksubhashraj14@gmail.com', 'Gallery item', 2, 1, '210.18.146.34'),
(568, '2017-05-17 10:32:06', 'A Gallery item  has been edited by admin :tksubhashraj14@gmail.com', 'Gallery item', 2, 1, '210.18.146.34'),
(569, '2017-05-17 10:32:16', 'A Gallery item  has been edited by admin :tksubhashraj14@gmail.com', 'Gallery item', 2, 1, '210.18.146.34'),
(570, '2017-05-17 10:32:26', 'A Gallery item  has been edited by admin :tksubhashraj14@gmail.com', 'Gallery item', 2, 1, '210.18.146.34'),
(571, '2017-05-17 10:32:37', 'A Gallery item  has been edited by admin :tksubhashraj14@gmail.com', 'Gallery item', 2, 1, '210.18.146.34'),
(572, '2017-05-17 10:32:52', 'A Gallery item  has been edited by admin :tksubhashraj14@gmail.com', 'Gallery item', 2, 1, '210.18.146.34'),
(573, '2017-05-17 10:33:03', 'A Gallery item  has been edited by admin :tksubhashraj14@gmail.com', 'Gallery item', 2, 1, '210.18.146.34'),
(574, '2017-05-17 10:33:13', 'A Gallery item  has been edited by admin :tksubhashraj14@gmail.com', 'Gallery item', 2, 1, '210.18.146.34'),
(575, '2017-05-17 10:33:23', 'A Gallery item  has been edited by admin :tksubhashraj14@gmail.com', 'Gallery item', 2, 1, '210.18.146.34'),
(576, '2017-05-17 10:33:34', 'A Gallery item  has been edited by admin :tksubhashraj14@gmail.com', 'Gallery item', 2, 1, '210.18.146.34'),
(577, '2017-05-17 10:56:20', 'A Gallery item  has been edited by admin :tksubhashraj14@gmail.com', 'Gallery item', 2, 1, '210.18.146.34'),
(578, '2017-05-17 10:56:59', 'A Gallery item  has been edited by admin :tksubhashraj14@gmail.com', 'Gallery item', 2, 1, '210.18.146.34'),
(579, '2017-05-17 10:57:21', 'A Gallery item  has been edited by admin :tksubhashraj14@gmail.com', 'Gallery item', 2, 1, '210.18.146.34'),
(580, '2017-05-17 10:57:31', 'A Gallery item  has been edited by admin :tksubhashraj14@gmail.com', 'Gallery item', 2, 1, '210.18.146.34'),
(581, '2017-05-17 10:57:45', 'A Gallery item  has been edited by admin :tksubhashraj14@gmail.com', 'Gallery item', 2, 1, '210.18.146.34'),
(582, '2017-05-17 10:57:59', 'A Gallery item  has been edited by admin :tksubhashraj14@gmail.com', 'Gallery item', 2, 1, '210.18.146.34'),
(583, '2017-05-17 10:58:13', 'A Gallery item  has been edited by admin :tksubhashraj14@gmail.com', 'Gallery item', 2, 1, '210.18.146.34'),
(584, '2017-05-17 10:58:26', 'A Gallery item  has been edited by admin :tksubhashraj14@gmail.com', 'Gallery item', 2, 1, '210.18.146.34'),
(585, '2017-05-17 10:58:39', 'A Gallery item  has been edited by admin :tksubhashraj14@gmail.com', 'Gallery item', 2, 1, '210.18.146.34'),
(586, '2017-05-17 10:59:04', 'A Gallery item  has been edited by admin :tksubhashraj14@gmail.com', 'Gallery item', 2, 1, '210.18.146.34'),
(587, '2017-05-17 10:59:50', 'A Gallery item  has been edited by admin :tksubhashraj14@gmail.com', 'Gallery item', 2, 1, '210.18.146.34'),
(588, '2017-05-17 11:00:02', 'A Gallery item  has been edited by admin :tksubhashraj14@gmail.com', 'Gallery item', 2, 1, '210.18.146.34'),
(589, '2017-05-17 11:00:15', 'A Gallery item  has been edited by admin :tksubhashraj14@gmail.com', 'Gallery item', 2, 1, '210.18.146.34'),
(590, '2017-05-17 11:00:29', 'A Gallery item  has been edited by admin :tksubhashraj14@gmail.com', 'Gallery item', 2, 1, '210.18.146.34'),
(591, '2017-05-17 11:00:43', 'A Gallery item  has been edited by admin :tksubhashraj14@gmail.com', 'Gallery item', 2, 1, '210.18.146.34'),
(592, '2017-05-17 11:01:00', 'A Gallery item  has been edited by admin :tksubhashraj14@gmail.com', 'Gallery item', 2, 1, '210.18.146.34'),
(593, '2017-05-17 11:01:16', 'A Gallery item  has been edited by admin :tksubhashraj14@gmail.com', 'Gallery item', 2, 1, '210.18.146.34'),
(594, '2017-05-17 11:01:41', 'A Gallery item  has been edited by admin :tksubhashraj14@gmail.com', 'Gallery item', 2, 1, '210.18.146.34'),
(595, '2017-05-17 11:01:56', 'A Gallery item  has been edited by admin :tksubhashraj14@gmail.com', 'Gallery item', 2, 1, '210.18.146.34'),
(596, '2017-05-17 11:02:10', 'A Gallery item  has been edited by admin :tksubhashraj14@gmail.com', 'Gallery item', 2, 1, '210.18.146.34'),
(597, '2017-05-17 11:02:27', 'A Gallery item  has been edited by admin :tksubhashraj14@gmail.com', 'Gallery item', 2, 1, '210.18.146.34'),
(598, '2017-05-17 11:02:53', 'A Gallery item  has been edited by admin :tksubhashraj14@gmail.com', 'Gallery item', 2, 1, '210.18.146.34'),
(599, '2017-05-17 11:03:05', 'A Gallery item  has been edited by admin :tksubhashraj14@gmail.com', 'Gallery item', 2, 1, '210.18.146.34'),
(600, '2017-05-17 11:13:00', 'A Gallery item  has been edited by admin :tksubhashraj14@gmail.com', 'Gallery item', 2, 1, '210.18.146.34'),
(601, '2017-05-17 11:13:48', 'A Gallery item  has been edited by admin :tksubhashraj14@gmail.com', 'Gallery item', 2, 1, '210.18.146.34'),
(602, '2017-05-17 11:14:24', 'A Gallery item  has been edited by admin :tksubhashraj14@gmail.com', 'Gallery item', 2, 1, '210.18.146.34'),
(603, '2017-05-17 11:15:01', 'A Gallery item  has been edited by admin :tksubhashraj14@gmail.com', 'Gallery item', 2, 1, '210.18.146.34'),
(604, '2017-05-17 11:16:11', 'A Gallery item  has been edited by admin :tksubhashraj14@gmail.com', 'Gallery item', 2, 1, '210.18.146.34'),
(605, '2017-05-17 11:17:45', 'A Gallery item  has been edited by admin :tksubhashraj14@gmail.com', 'Gallery item', 2, 1, '210.18.146.34'),
(606, '2017-05-17 11:23:33', 'A Gallery item  has been edited by admin :tksubhashraj14@gmail.com', 'Gallery item', 2, 1, '210.18.146.34'),
(607, '2017-05-17 11:25:38', 'A Gallery item  has been edited by admin :tksubhashraj14@gmail.com', 'Gallery item', 2, 1, '210.18.146.34'),
(608, '2017-05-17 11:25:54', 'A Gallery item  has been edited by admin :tksubhashraj14@gmail.com', 'Gallery item', 2, 1, '210.18.146.34'),
(609, '2017-05-17 11:26:22', 'A Gallery item  has been edited by admin :tksubhashraj14@gmail.com', 'Gallery item', 2, 1, '210.18.146.34'),
(610, '2017-05-17 11:26:42', 'A Gallery item  has been edited by admin :tksubhashraj14@gmail.com', 'Gallery item', 2, 1, '210.18.146.34'),
(611, '2017-05-17 11:26:53', 'A Gallery item  has been edited by admin :tksubhashraj14@gmail.com', 'Gallery item', 2, 1, '210.18.146.34'),
(612, '2017-05-17 11:42:47', 'A Gallery item  has been edited by admin :tksubhashraj14@gmail.com', 'Gallery item', 2, 1, '210.18.146.34'),
(613, '2017-05-17 11:43:00', 'A Gallery item  has been edited by admin :tksubhashraj14@gmail.com', 'Gallery item', 2, 1, '210.18.146.34'),
(614, '2017-05-17 11:43:12', 'A Gallery item  has been edited by admin :tksubhashraj14@gmail.com', 'Gallery item', 2, 1, '210.18.146.34'),
(615, '2017-05-17 11:43:23', 'A Gallery item  has been edited by admin :tksubhashraj14@gmail.com', 'Gallery item', 2, 1, '210.18.146.34'),
(616, '2017-05-17 11:43:34', 'A Gallery item  has been edited by admin :tksubhashraj14@gmail.com', 'Gallery item', 2, 1, '210.18.146.34'),
(617, '2017-05-17 11:43:45', 'A Gallery item  has been edited by admin :tksubhashraj14@gmail.com', 'Gallery item', 2, 1, '210.18.146.34'),
(618, '2017-05-17 11:43:56', 'A Gallery item  has been edited by admin :tksubhashraj14@gmail.com', 'Gallery item', 2, 1, '210.18.146.34'),
(619, '2017-05-17 11:44:06', 'A Gallery item  has been edited by admin :tksubhashraj14@gmail.com', 'Gallery item', 2, 1, '210.18.146.34'),
(620, '2017-05-17 11:44:18', 'A Gallery item  has been edited by admin :tksubhashraj14@gmail.com', 'Gallery item', 2, 1, '210.18.146.34'),
(621, '2017-05-17 11:44:30', 'A Gallery item  has been edited by admin :tksubhashraj14@gmail.com', 'Gallery item', 2, 1, '210.18.146.34'),
(622, '2017-05-17 11:44:41', 'A Gallery item  has been edited by admin :tksubhashraj14@gmail.com', 'Gallery item', 2, 1, '210.18.146.34'),
(623, '2017-05-17 11:44:54', 'A Gallery item  has been edited by admin :tksubhashraj14@gmail.com', 'Gallery item', 2, 1, '210.18.146.34'),
(624, '2017-05-17 11:45:10', 'A Gallery item  has been edited by admin :tksubhashraj14@gmail.com', 'Gallery item', 2, 1, '210.18.146.34'),
(625, '2017-05-17 11:45:20', 'A Gallery item  has been edited by admin :tksubhashraj14@gmail.com', 'Gallery item', 2, 1, '210.18.146.34'),
(626, '2017-05-17 11:45:33', 'A Gallery item  has been edited by admin :tksubhashraj14@gmail.com', 'Gallery item', 2, 1, '210.18.146.34'),
(627, '2017-05-17 11:45:44', 'A Gallery item  has been edited by admin :tksubhashraj14@gmail.com', 'Gallery item', 2, 1, '210.18.146.34'),
(628, '2017-05-17 11:45:55', 'A Gallery item  has been edited by admin :tksubhashraj14@gmail.com', 'Gallery item', 2, 1, '210.18.146.34'),
(629, '2017-05-17 12:58:29', 'A Gallery item  has been edited by admin :tksubhashraj14@gmail.com', 'Gallery item', 2, 1, '210.18.146.34'),
(630, '2017-05-17 12:58:59', 'A Gallery item  has been edited by admin :tksubhashraj14@gmail.com', 'Gallery item', 2, 1, '210.18.146.34'),
(631, '2017-05-17 12:59:13', 'A Gallery item  has been edited by admin :tksubhashraj14@gmail.com', 'Gallery item', 2, 1, '210.18.146.34'),
(632, '2017-05-17 12:59:23', 'A Gallery item  has been edited by admin :tksubhashraj14@gmail.com', 'Gallery item', 2, 1, '210.18.146.34'),
(633, '2017-05-17 12:59:33', 'A Gallery item  has been edited by admin :tksubhashraj14@gmail.com', 'Gallery item', 2, 1, '210.18.146.34'),
(634, '2017-05-17 12:59:45', 'A Gallery item  has been edited by admin :tksubhashraj14@gmail.com', 'Gallery item', 2, 1, '210.18.146.34'),
(635, '2017-05-17 12:59:56', 'A Gallery item  has been edited by admin :tksubhashraj14@gmail.com', 'Gallery item', 2, 1, '210.18.146.34'),
(636, '2017-05-17 13:00:09', 'A Gallery item  has been edited by admin :tksubhashraj14@gmail.com', 'Gallery item', 2, 1, '210.18.146.34'),
(637, '2017-05-17 13:00:21', 'A Gallery item  has been edited by admin :tksubhashraj14@gmail.com', 'Gallery item', 2, 1, '210.18.146.34'),
(638, '2017-05-17 14:36:18', 'A Gallery item  has been edited by admin :tksubhashraj14@gmail.com', 'Gallery item', 2, 1, '210.18.146.34'),
(639, '2017-05-17 14:38:00', 'A Gallery item test has been deleted  by admin :tksubhashraj14@gmail.com', 'Gallery item', 3, 1, '210.18.146.34'),
(640, '2017-05-17 14:41:08', 'A Gallery item  has been edited by admin :tksubhashraj14@gmail.com', 'Gallery item', 2, 1, '210.18.146.34'),
(641, '2017-05-17 14:42:13', 'A Gallery item Test has been deleted  by admin :tksubhashraj14@gmail.com', 'Gallery item', 3, 1, '210.18.146.34'),
(642, '2017-05-18 09:19:04', 'A Gallery item  has been edited by admin :tksubhashraj14@gmail.com', 'Gallery item', 2, 1, '49.207.184.130'),
(643, '2017-05-18 10:15:50', 'A Menus Deeksha has been edited by admin :tksubhashraj14@gmail.com', 'Menus', 2, 1, '210.18.161.57'),
(644, '2017-05-18 10:24:18', 'A Menus About Us has been edited by admin :tksubhashraj14@gmail.com', 'Menus', 2, 1, '210.18.161.57'),
(645, '2017-05-18 10:24:27', 'A Menus Way Of Life has been edited by admin :tksubhashraj14@gmail.com', 'Menus', 2, 1, '210.18.161.57'),
(646, '2017-05-18 10:25:02', 'A Menus Watch has been edited by admin :tksubhashraj14@gmail.com', 'Menus', 2, 1, '210.18.161.57'),
(647, '2017-05-18 10:25:18', 'A Menus Watch has been edited by admin :tksubhashraj14@gmail.com', 'Menus', 2, 1, '210.18.161.57'),
(648, '2017-05-18 10:25:28', 'A Menus Program has been edited by admin :tksubhashraj14@gmail.com', 'Menus', 2, 1, '210.18.161.57'),
(649, '2017-05-18 10:26:42', 'A Menus Program has been edited by admin :tksubhashraj14@gmail.com', 'Menus', 2, 1, '210.18.161.57'),
(650, '2017-05-18 10:26:52', 'A Menus Gallery has been edited by admin :tksubhashraj14@gmail.com', 'Menus', 2, 1, '210.18.161.57'),
(651, '2017-05-18 10:27:09', 'A Menus Ashram has been edited by admin :tksubhashraj14@gmail.com', 'Menus', 2, 1, '210.18.161.57'),
(652, '2017-05-18 10:27:16', 'A Menus Contact has been edited by admin :tksubhashraj14@gmail.com', 'Menus', 2, 1, '210.18.161.57'),
(653, '2017-05-18 10:27:23', 'A Menus Deeksha has been edited by admin :tksubhashraj14@gmail.com', 'Menus', 2, 1, '210.18.161.57'),
(654, '2017-05-25 12:19:57', 'A Gallery Categories  has been edited by admin :tksubhashraj14@gmail.com', 'Gallery Categories', 2, 1, '210.18.146.182'),
(655, '2017-05-25 12:21:16', 'A Gallery Categories  has been edited by admin :tksubhashraj14@gmail.com', 'Gallery Categories', 2, 1, '210.18.146.182');

-- --------------------------------------------------------

--
-- Table structure for table `sramcms_master_admin`
--

CREATE TABLE IF NOT EXISTS `sramcms_master_admin` (
  `admin_id` int(11) NOT NULL AUTO_INCREMENT,
  `admin_username` varchar(100) DEFAULT NULL,
  `admin_email_address` varchar(100) DEFAULT NULL,
  `admin_phone_number` varchar(255) NOT NULL,
  `admin_password` varchar(155) DEFAULT NULL,
  `admin_otp` varchar(25) NOT NULL,
  `admin_forgot` varchar(25) NOT NULL,
  `admin_status` enum('A','I') NOT NULL DEFAULT 'I',
  `oauth_token` text NOT NULL,
  `admin_pass_key` varchar(50) DEFAULT NULL,
  `admin_updated_on` datetime DEFAULT NULL,
  PRIMARY KEY (`admin_id`),
  KEY `admin_username` (`admin_username`),
  KEY `admin_password` (`admin_password`),
  KEY `admin_ststus` (`admin_status`)
) ENGINE=InnoDB  DEFAULT CHARSET=latin1 AUTO_INCREMENT=5 ;

--
-- Dumping data for table `sramcms_master_admin`
--

INSERT INTO `sramcms_master_admin` (`admin_id`, `admin_username`, `admin_email_address`, `admin_phone_number`, `admin_password`, `admin_otp`, `admin_forgot`, `admin_status`, `oauth_token`, `admin_pass_key`, `admin_updated_on`) VALUES
(1, 'admin', 'tksubhashraj14@gmail.com', '', '$2a$08$RLbVYes/SDUgUxbwxAbgX.FAyPqFX5ZgkEtJmRD4UkgSkYm0S4kS.', '', '', 'A', 'emiuQG2yfH3VOw8tjsa5JgYqrCTL6bcX', '7b3e72569af4192eb610c4eccbdad2be', '2016-02-02 00:00:00'),
(2, 'Ananthan', 'ananthan@srammram.com', '9600619919', '$2a$08$XCwnlUO8w2HVokGkC6xV6eq2GglZcZJhDkV9JRLP3JeTS5R0TEr7G', '782039', 'A', 'A', 'ltXO2hBI4UYkR1mcMiH6pJfZP7FoG8bq', NULL, '2017-05-04 07:34:05'),
(3, 'mani', '1234', '9944564022', '$2a$08$R1whB2Pmqe/Hi9UD8IkjIO0EooqcwgHlqqAoua7erkjPb7CheimgS', '305246', 'A', 'A', 'kXbT7rSmo3qePpEZKURc8VznfOGij9M5', NULL, '2017-05-09 02:30:28'),
(4, 'ggf', 'vvv', '8855887596855', '$2a$08$HHyaBqpR5VeUD3V1Fznf6OjthKs0fLeVO9jAwgJuhBq/XvuaXxGSa', '', '', 'A', '', NULL, '2017-05-19 16:18:57');

-- --------------------------------------------------------

--
-- Table structure for table `sramcms_master_admin_login_history`
--

CREATE TABLE IF NOT EXISTS `sramcms_master_admin_login_history` (
  `login_id` bigint(20) NOT NULL AUTO_INCREMENT,
  `login_time` datetime DEFAULT NULL,
  `login_ip` varchar(20) DEFAULT NULL,
  `login_admin_id` int(11) DEFAULT NULL,
  PRIMARY KEY (`login_id`)
) ENGINE=InnoDB  DEFAULT CHARSET=latin1 AUTO_INCREMENT=361 ;

--
-- Dumping data for table `sramcms_master_admin_login_history`
--

INSERT INTO `sramcms_master_admin_login_history` (`login_id`, `login_time`, `login_ip`, `login_admin_id`) VALUES
(12, '2016-02-19 13:10:46', '::1', 1),
(13, '2016-02-19 13:48:45', '::1', 1),
(14, '2016-02-19 15:36:28', '::1', 1),
(15, '2016-02-20 06:55:26', '::1', 1),
(16, '2016-02-20 10:45:49', '::1', 1),
(17, '2016-02-20 10:48:13', '::1', 1),
(18, '2016-02-22 06:16:15', '::1', 1),
(19, '2016-02-22 07:59:41', '::1', 1),
(20, '2016-02-22 10:05:35', '192.168.2.65', 1),
(21, '2016-02-22 14:44:36', '127.0.0.1', 1),
(22, '2016-02-22 14:57:39', '127.0.0.1', 1),
(23, '2016-02-22 10:52:19', '::1', 1),
(24, '2016-02-22 10:52:55', '::1', 1),
(25, '2016-02-22 10:53:28', '::1', 1),
(26, '2016-02-22 10:55:29', '::1', 1),
(27, '2016-02-22 10:55:49', '::1', 1),
(28, '2016-02-22 15:41:23', '127.0.0.1', 1),
(29, '2016-02-23 05:42:04', '192.168.2.69', 1),
(30, '2016-02-23 06:35:16', '192.168.2.69', 1),
(31, '2016-02-23 06:38:49', '192.168.2.69', 1),
(32, '2016-02-24 05:58:47', '::1', 1),
(33, '2016-02-24 06:05:36', '::1', 1),
(34, '2016-02-24 06:06:08', '::1', 1),
(35, '2016-02-24 06:07:19', '::1', 1),
(36, '2016-02-24 10:17:29', '::1', 1),
(37, '2016-02-24 10:45:13', '192.168.2.113', 1),
(38, '2016-02-24 11:04:21', '::1', 1),
(39, '2016-02-24 11:21:19', '::1', 1),
(40, '2016-02-24 11:54:32', '192.168.2.113', 1),
(41, '2016-02-24 11:56:30', '192.168.2.113', 1),
(42, '2016-02-24 12:02:27', '192.168.2.113', 1),
(43, '2016-02-24 12:50:55', '::1', 1),
(44, '2016-02-24 13:00:39', '192.168.2.113', 1),
(45, '2016-02-24 13:02:58', '192.168.2.113', 1),
(46, '2016-02-24 13:03:23', '192.168.2.113', 1),
(47, '2016-02-24 13:09:58', '192.168.2.113', 1),
(48, '2016-02-24 13:11:38', '192.168.2.113', 1),
(49, '2016-02-24 14:01:35', '192.168.2.113', 1),
(50, '2016-02-24 15:04:45', '192.168.2.113', 1),
(51, '2016-02-24 15:08:49', '192.168.2.113', 1),
(52, '2016-02-24 15:30:37', '192.168.2.113', 1),
(53, '2016-02-25 06:17:48', '::1', 1),
(54, '2016-02-25 06:21:35', '192.168.2.113', 1),
(55, '2016-02-25 07:28:55', '192.168.2.65', 1),
(56, '2016-02-25 08:17:53', '192.168.2.65', 1),
(57, '2016-02-25 08:39:54', '192.168.2.113', 1),
(58, '2016-02-25 09:43:07', '192.168.2.65', 1),
(59, '2016-02-25 10:52:51', '192.168.2.113', 1),
(60, '2016-02-25 13:21:58', '192.168.2.113', 1),
(61, '2016-02-25 15:21:06', '::1', 1),
(62, '2016-02-26 06:06:42', '::1', 1),
(63, '2016-02-26 06:20:21', '::1', 1),
(64, '2016-02-26 13:02:30', '127.0.0.1', 1),
(65, '2016-02-26 09:08:35', '192.168.2.65', 1),
(66, '2016-03-01 05:13:55', '::1', 1),
(67, '2016-03-01 07:21:24', '::1', 1),
(68, '2016-03-01 07:39:01', '::1', 1),
(69, '2016-03-01 08:04:48', '::1', 1),
(70, '2016-03-01 18:08:43', '::1', 1),
(71, '2016-03-02 16:36:24', '::1', 1),
(72, '2016-03-02 16:54:53', '::1', 1),
(73, '2016-03-02 18:30:56', '::1', 1),
(74, '2016-03-03 03:19:57', '::1', 1),
(75, '2016-03-03 14:23:46', '::1', 1),
(76, '2016-03-04 04:45:31', '::1', 1),
(77, '2016-03-04 17:30:19', '::1', 1),
(78, '2016-03-04 17:35:52', '::1', 1),
(79, '2016-03-04 20:19:00', '::1', 1),
(80, '2016-03-05 02:26:54', '::1', 1),
(81, '2016-03-05 17:46:16', '::1', 1),
(82, '2016-03-05 19:09:20', '1.39.60.155', 1),
(83, '2016-03-06 10:58:12', '1.39.63.182', 1),
(84, '2016-03-06 19:30:15', '1.39.60.147', 1),
(85, '2016-03-06 19:48:54', '1.39.60.147', 1),
(86, '2016-03-06 20:01:04', '175.136.214.244', 1),
(87, '2016-03-06 21:09:04', '1.39.63.170', 1),
(88, '2016-03-06 22:03:10', '1.39.60.77', 1),
(89, '2016-03-07 00:46:27', '1.39.60.77', 1),
(90, '2016-03-12 09:40:46', '1.39.80.35', 1),
(91, '2016-03-21 09:01:54', '113.193.147.168', 1),
(92, '2016-03-25 05:18:47', '60.52.64.71', 1),
(93, '2016-04-07 04:26:25', '14.140.167.94', 1),
(94, '2016-07-27 13:29:08', '122.174.67.249', 1),
(95, '2016-07-27 14:07:12', '108.247.232.35', 1),
(96, '2016-10-19 04:32:13', '182.65.99.183', 1),
(97, '2016-11-09 06:07:32', '::1', 1),
(98, '2017-03-13 11:09:31', '::1', 1),
(99, '2017-03-14 06:05:32', '::1', 1),
(100, '2017-03-14 08:29:23', '::1', 1),
(101, '2017-03-14 08:46:02', '::1', 1),
(102, '2017-03-23 11:02:13', '::1', 1),
(103, '2017-03-23 12:45:46', '::1', 1),
(104, '2017-03-23 13:16:20', '::1', 1),
(105, '2017-03-23 13:38:24', '::1', 1),
(106, '2017-03-24 06:32:55', '::1', 1),
(107, '2017-03-24 06:37:58', '::1', 1),
(108, '2017-03-24 06:42:24', '::1', 1),
(109, '2017-03-24 07:45:00', '::1', 1),
(110, '2017-03-24 10:05:03', '::1', 1),
(111, '2017-03-24 11:46:40', '::1', 1),
(112, '2017-03-25 06:15:31', '::1', 1),
(113, '2017-03-25 10:29:06', '::1', 1),
(114, '2017-03-25 11:26:39', '::1', 1),
(115, '2017-03-27 07:12:48', '::1', 1),
(116, '2017-03-27 07:12:48', '::1', 1),
(117, '2017-03-27 08:08:08', '::1', 1),
(118, '2017-03-27 11:14:28', '::1', 1),
(119, '2017-03-28 12:50:04', '::1', 1),
(120, '2017-03-28 13:28:41', '::1', 1),
(121, '2017-03-29 12:25:58', '127.0.0.1', 1),
(122, '2017-03-30 15:32:27', '::1', 1),
(123, '2017-03-30 17:55:18', '::1', 1),
(124, '2017-03-30 17:15:56', '210.18.166.97', 1),
(125, '2017-03-31 04:34:25', '49.206.113.9', 1),
(126, '2017-03-31 05:01:48', '210.18.167.254', 1),
(127, '2017-03-31 05:17:36', '210.18.167.254', 1),
(128, '2017-03-31 05:41:23', '49.206.113.9', 1),
(129, '2017-03-31 05:45:34', '210.18.167.254', 1),
(130, '2017-03-31 06:26:17', '210.18.167.254', 1),
(131, '2017-03-31 06:43:03', '210.18.167.254', 1),
(132, '2017-03-31 09:57:05', '210.18.167.254', 1),
(133, '2017-03-31 13:39:04', '210.18.167.254', 1),
(134, '2017-03-31 13:39:13', '210.18.167.254', 1),
(135, '2017-03-31 13:54:03', '210.18.167.254', 1),
(136, '2017-03-31 14:37:00', '210.18.167.254', 1),
(137, '2017-04-01 08:44:16', '210.18.168.12', 1),
(138, '2017-04-03 13:10:21', '210.18.162.234', 1),
(139, '2017-04-03 13:10:27', '210.18.162.234', 1),
(140, '2017-04-03 14:00:46', '210.18.162.234', 1),
(141, '2017-04-03 16:22:01', '210.18.162.234', 1),
(142, '2017-04-03 17:13:34', '210.18.162.234', 1),
(143, '2017-04-04 00:15:41', '203.109.107.16', 1),
(144, '2017-04-04 02:04:01', '203.109.107.16', 1),
(145, '2017-04-04 04:43:23', '210.18.149.216', 1),
(146, '2017-04-04 05:05:54', '210.18.149.216', 1),
(147, '2017-04-04 05:07:09', '210.18.149.216', 1),
(148, '2017-04-04 05:48:38', '210.18.149.216', 1),
(149, '2017-04-04 06:48:44', '210.18.149.216', 1),
(150, '2017-04-04 08:05:32', '210.18.163.133', 1),
(151, '2017-04-04 08:20:47', '210.18.163.133', 1),
(152, '2017-04-04 10:06:19', '49.206.113.9', 1),
(153, '2017-04-04 11:06:41', '210.18.163.133', 1),
(154, '2017-04-04 11:40:53', '210.18.163.133', 1),
(155, '2017-04-04 13:44:30', '210.18.163.133', 1),
(156, '2017-04-04 14:15:12', '210.18.163.133', 1),
(157, '2017-04-04 15:07:22', '210.18.163.133', 1),
(158, '2017-04-04 15:11:06', '210.18.163.133', 1),
(159, '2017-04-04 15:23:39', '210.18.163.133', 1),
(160, '2017-04-05 05:21:03', '210.18.144.237', 1),
(161, '2017-04-05 05:25:33', '210.18.144.237', 1),
(162, '2017-04-05 05:26:14', '210.18.144.237', 1),
(163, '2017-04-05 05:26:14', '210.18.144.237', 1),
(164, '2017-04-05 05:26:50', '210.18.144.237', 1),
(165, '2017-04-05 05:27:31', '210.18.144.237', 1),
(166, '2017-04-05 05:27:34', '210.18.144.237', 1),
(167, '2017-04-05 05:27:50', '210.18.144.237', 1),
(168, '2017-04-05 05:36:33', '210.18.144.237', 1),
(169, '2017-04-05 05:41:10', '210.18.144.237', 1),
(170, '2017-04-05 05:41:42', '210.18.144.237', 1),
(171, '2017-04-05 05:42:23', '210.18.144.237', 1),
(172, '2017-04-05 05:43:16', '210.18.144.237', 1),
(173, '2017-04-05 09:26:00', '49.206.113.9', 1),
(174, '2017-04-05 10:33:59', '49.206.113.9', 1),
(175, '2017-04-05 11:38:16', '49.206.113.9', 1),
(176, '2017-04-05 13:24:47', '42.111.170.1', 1),
(177, '2017-04-05 14:21:57', '49.206.113.9', 1),
(178, '2017-04-06 05:25:04', '49.206.115.115', 1),
(179, '2017-04-06 05:26:01', '49.206.115.115', 1),
(180, '2017-04-06 11:44:23', '49.206.115.115', 1),
(181, '2017-04-06 11:46:30', '49.206.115.115', 1),
(182, '2017-04-06 11:52:50', '49.206.115.115', 1),
(183, '2017-04-06 11:58:43', '49.206.115.115', 1),
(184, '2017-04-06 12:30:29', '49.206.115.115', 1),
(185, '2017-04-06 13:07:45', '49.206.115.115', 1),
(186, '2017-04-07 05:35:24', '210.18.171.89', 1),
(187, '2017-04-07 07:00:50', '210.18.171.89', 1),
(188, '2017-04-07 07:10:03', '210.18.171.89', 1),
(189, '2017-04-07 10:48:52', '210.18.164.172', 1),
(190, '2017-04-07 12:01:21', '210.18.164.172', 1),
(191, '2017-04-07 16:40:05', '210.18.164.172', 1),
(192, '2017-04-08 06:11:20', '210.18.162.39', 1),
(193, '2017-04-08 11:19:57', '::1', 1),
(194, '2017-04-08 14:41:04', '::1', 1),
(195, '2017-04-09 06:47:56', '210.18.170.100', 1),
(196, '2017-04-09 07:11:37', '210.18.170.100', 1),
(197, '2017-04-09 07:14:53', '49.44.51.105', 1),
(198, '2017-04-09 07:19:25', '111.119.220.130', 1),
(199, '2017-04-09 07:27:34', '111.119.220.130', 1),
(200, '2017-04-09 07:29:24', '210.18.170.100', 1),
(201, '2017-04-10 04:49:22', '210.18.148.245', 1),
(202, '2017-04-10 05:28:38', '210.18.148.245', 1),
(203, '2017-04-10 06:08:28', '210.18.148.245', 1),
(204, '2017-04-10 06:11:24', '210.18.148.245', 1),
(205, '2017-04-10 06:11:29', '210.18.148.245', 1),
(206, '2017-04-10 06:39:32', '210.18.148.245', 1),
(207, '2017-04-10 07:29:00', '210.18.148.245', 1),
(208, '2017-04-10 09:47:40', '210.18.149.151', 1),
(209, '2017-04-10 13:04:23', '210.18.149.151', 1),
(210, '2017-04-10 13:41:56', '210.18.149.151', 1),
(211, '2017-04-11 08:42:43', '210.18.173.124', 1),
(212, '2017-04-11 12:29:18', '210.18.172.201', 1),
(213, '2017-04-11 13:57:27', '210.18.172.201', 1),
(214, '2017-04-11 13:58:38', '210.18.172.201', 1),
(215, '2017-04-11 15:15:12', '210.18.172.201', 1),
(216, '2017-04-12 04:52:58', '210.18.175.98', 1),
(217, '2017-04-12 06:12:29', '210.18.175.98', 1),
(218, '2017-04-12 09:59:27', '210.18.145.42', 1),
(219, '2017-04-12 11:56:40', '210.18.145.42', 1),
(220, '2017-04-12 12:14:36', '210.18.145.42', 1),
(221, '2017-04-12 13:39:31', '210.18.145.42', 1),
(222, '2017-04-12 14:24:02', '210.18.145.42', 1),
(223, '2017-04-12 14:38:32', '210.18.145.42', 1),
(224, '2017-04-13 05:11:34', '210.18.163.50', 1),
(225, '2017-04-13 06:01:57', '210.18.163.50', 1),
(226, '2017-04-13 10:42:51', '210.18.163.50', 1),
(227, '2017-04-13 13:49:12', '49.206.117.229', 1),
(228, '2017-04-14 05:32:42', '49.206.117.229', 1),
(229, '2017-04-14 10:25:45', '49.206.117.229', 1),
(230, '2017-04-15 04:49:06', '49.206.117.229', 1),
(231, '2017-04-15 06:17:27', '49.206.117.229', 1),
(232, '2017-04-15 06:48:08', '49.206.117.229', 1),
(233, '2017-04-15 07:21:43', '49.206.117.229', 1),
(234, '2017-04-15 13:34:21', '49.206.117.229', 1),
(235, '2017-04-17 04:56:25', '49.207.185.240', 1),
(236, '2017-04-17 06:44:08', '49.207.185.240', 1),
(237, '2017-04-17 07:01:14', '49.207.185.240', 1),
(238, '2017-04-17 08:49:03', '49.207.185.240', 1),
(239, '2017-04-17 09:09:09', '49.207.185.240', 1),
(240, '2017-04-17 10:19:10', '49.207.185.240', 1),
(241, '2017-04-17 12:24:33', '49.207.185.240', 1),
(242, '2017-04-18 05:00:42', '49.207.185.240', 1),
(243, '2017-04-18 05:09:04', '49.207.185.240', 1),
(244, '2017-04-18 05:15:17', '49.207.185.240', 1),
(245, '2017-04-18 05:24:22', '49.207.185.240', 1),
(246, '2017-04-18 05:33:50', '49.207.185.240', 1),
(247, '2017-04-18 12:15:34', '210.18.173.102', 1),
(248, '2017-04-18 12:25:50', '210.18.173.102', 1),
(249, '2017-04-18 13:20:59', '210.18.173.102', 1),
(250, '2017-04-18 13:44:45', '210.18.173.102', 1),
(251, '2017-04-19 04:48:20', '210.18.173.254', 1),
(252, '2017-04-19 05:31:58', '210.18.173.254', 1),
(253, '2017-04-19 06:05:58', '210.18.173.254', 1),
(254, '2017-04-19 06:09:30', '210.18.173.254', 1),
(255, '2017-04-19 06:38:49', '210.18.173.254', 1),
(256, '2017-04-19 08:50:53', '210.18.173.254', 1),
(257, '2017-04-19 09:26:18', '210.18.173.254', 1),
(258, '2017-04-19 09:58:12', '210.18.173.254', 1),
(259, '2017-04-19 10:02:34', '210.18.173.254', 1),
(260, '2017-04-19 10:13:24', '210.18.173.254', 1),
(261, '2017-04-19 10:44:17', '210.18.160.68', 1),
(262, '2017-04-19 11:26:40', '210.18.160.68', 1),
(263, '2017-04-19 13:10:43', '210.18.160.68', 1),
(264, '2017-04-19 13:27:46', '210.18.160.68', 1),
(265, '2017-04-20 12:08:52', '210.18.146.61', 1),
(266, '2017-04-20 12:32:30', '210.18.146.61', 1),
(267, '2017-04-20 12:35:34', '210.18.146.61', 1),
(268, '2017-04-21 04:56:49', '210.18.170.11', 1),
(269, '2017-04-21 06:32:16', '210.18.170.11', 1),
(270, '2017-04-24 04:31:10', '210.18.172.177', 1),
(271, '2017-04-25 06:42:38', '210.18.149.48', 1),
(272, '2017-04-26 04:59:13', '210.18.173.160', 1),
(273, '2017-04-27 07:17:37', '210.18.150.204', 1),
(274, '2017-04-27 08:59:45', '210.18.150.204', 1),
(275, '2017-04-27 12:42:53', '210.18.150.204', 1),
(276, '2017-04-28 06:26:05', '49.206.114.102', 1),
(277, '2017-04-28 10:41:35', '49.206.114.102', 1),
(278, '2017-05-02 08:46:13', '49.206.114.102', 1),
(279, '2017-05-02 10:11:16', '49.206.114.102', 1),
(280, '2017-05-02 12:19:36', '49.206.114.102', 1),
(281, '2017-05-03 14:08:56', '210.18.172.165', 1),
(282, '2017-05-04 06:55:33', '210.18.167.176', 1),
(283, '2017-05-04 08:47:18', '210.18.167.176', 2),
(284, '2017-05-04 08:50:04', '210.18.167.176', 2),
(285, '2017-05-04 08:50:45', '210.18.167.176', 2),
(286, '2017-05-04 08:51:16', '210.18.167.176', 2),
(287, '2017-05-04 08:51:53', '210.18.167.176', 2),
(288, '2017-05-04 08:52:13', '210.18.167.176', 2),
(289, '2017-05-04 08:54:48', '210.18.167.176', 2),
(290, '2017-05-04 08:56:01', '210.18.167.176', 2),
(291, '2017-05-04 09:04:53', '210.18.167.176', 2),
(292, '2017-05-04 13:59:20', '210.18.168.178', 1),
(293, '2017-05-05 06:36:35', '210.18.147.178', 1),
(294, '2017-05-05 06:49:10', '210.18.147.178', 2),
(295, '2017-05-05 13:26:59', '210.18.164.10', 1),
(296, '2017-05-06 09:12:11', '210.18.133.34', 1),
(297, '2017-05-07 05:55:15', '210.18.161.52', 1),
(298, '2017-05-07 09:59:24', '210.18.161.52', 1),
(299, '2017-05-07 10:01:58', '210.18.161.52', 1),
(300, '2017-05-07 10:03:41', '210.18.161.52', 1),
(301, '2017-05-07 10:11:39', '210.18.161.52', 1),
(302, '2017-05-07 10:12:53', '210.18.161.52', 1),
(303, '2017-05-07 10:14:25', '210.18.161.52', 1),
(304, '2017-05-07 10:21:14', '210.18.166.217', 1),
(305, '2017-05-07 10:23:36', '210.18.166.217', 1),
(306, '2017-05-07 10:42:03', '210.18.166.217', 1),
(307, '2017-05-07 10:42:08', '210.18.166.217', 1),
(308, '2017-05-07 10:42:47', '210.18.166.217', 1),
(309, '2017-05-07 10:43:01', '210.18.166.217', 1),
(310, '2017-05-07 10:44:47', '210.18.166.217', 1),
(311, '2017-05-07 10:45:06', '210.18.166.217', 1),
(312, '2017-05-07 10:46:03', '210.18.166.217', 1),
(313, '2017-05-07 10:46:22', '210.18.166.217', 1),
(314, '2017-05-07 11:00:24', '210.18.166.217', 1),
(315, '2017-05-07 11:04:37', '210.18.166.217', 1),
(316, '2017-05-07 11:23:02', '210.18.166.217', 1),
(317, '2017-05-07 11:23:50', '210.18.166.217', 1),
(318, '2017-05-07 11:34:32', '210.18.166.217', 1),
(319, '2017-05-07 13:06:43', '210.18.166.217', 1),
(320, '2017-05-08 12:52:46', '210.18.172.204', 2),
(321, '2017-05-08 21:26:38', '210.18.172.204', 2),
(322, '2017-05-09 02:32:27', '210.18.170.151', 1),
(323, '2017-05-09 03:26:41', '210.18.170.151', 3),
(324, '2017-05-09 09:12:12', '210.18.170.151', 1),
(325, '2017-05-09 09:16:53', '210.18.170.151', 1),
(326, '2017-05-09 09:23:06', '210.18.170.151', 2),
(327, '2017-05-09 10:31:08', '210.18.165.161', 1),
(328, '2017-05-09 12:04:57', '210.18.165.161', 1),
(329, '2017-05-09 12:05:23', '210.18.165.161', 1),
(330, '2017-05-10 12:37:12', '27.62.164.44', 1),
(331, '2017-05-11 13:14:28', '49.207.187.62', 1),
(332, '2017-05-11 15:09:53', '49.207.187.62', 1),
(333, '2017-05-11 15:12:39', '210.18.147.187', 1),
(334, '2017-05-12 05:06:35', '210.18.173.32', 1),
(335, '2017-05-12 08:28:59', '103.27.118.142', 1),
(336, '2017-05-12 09:46:24', '49.207.187.62', 1),
(337, '2017-05-12 12:31:40', '49.207.187.62', 1),
(338, '2017-05-12 13:13:07', '49.207.187.62', 1),
(339, '2017-05-12 13:18:14', '49.207.187.62', 1),
(340, '2017-05-13 05:39:51', '49.207.187.62', 1),
(341, '2017-05-13 07:28:07', '49.207.187.62', 1),
(342, '2017-05-13 07:32:12', '49.207.187.62', 1),
(343, '2017-05-13 08:35:42', '49.207.187.62', 1),
(344, '2017-05-13 11:32:19', '49.207.187.62', 1),
(345, '2017-05-13 13:04:59', '49.207.187.62', 1),
(346, '2017-05-17 10:14:08', '210.18.146.34', 1),
(347, '2017-05-17 12:11:38', '210.18.146.34', 1),
(348, '2017-05-17 12:57:43', '210.18.146.34', 1),
(349, '2017-05-17 14:34:28', '49.207.184.130', 1),
(350, '2017-05-17 14:35:44', '210.18.146.34', 1),
(351, '2017-05-17 14:39:13', '210.18.146.34', 1),
(352, '2017-05-18 09:04:25', '210.18.161.57', 1),
(353, '2017-05-18 09:18:00', '49.207.184.130', 1),
(354, '2017-05-18 13:36:59', '210.18.161.57', 1),
(355, '2017-05-18 13:42:40', '210.18.161.57', 1),
(356, '2017-05-18 13:43:27', '210.18.161.57', 1),
(357, '2017-05-22 08:08:38', '210.18.130.69', 1),
(358, '2017-05-24 11:56:03', '210.18.161.166', 1),
(359, '2017-05-25 12:16:57', '210.18.146.182', 1),
(360, '2017-05-26 09:30:25', '210.18.130.148', 1);

-- --------------------------------------------------------

--
-- Table structure for table `sramcms_menus`
--

CREATE TABLE IF NOT EXISTS `sramcms_menus` (
  `id` int(11) NOT NULL AUTO_INCREMENT,
  `name` varchar(100) COLLATE utf8_unicode_ci NOT NULL DEFAULT '',
  `link_type` varchar(20) COLLATE utf8_unicode_ci NOT NULL DEFAULT 'uri',
  `page_id` int(11) NOT NULL DEFAULT '0',
  `url` varchar(255) COLLATE utf8_unicode_ci NOT NULL DEFAULT '',
  `menu_group_id` int(11) NOT NULL DEFAULT '0',
  `position` int(5) NOT NULL DEFAULT '0',
  `target` varchar(10) COLLATE utf8_unicode_ci DEFAULT NULL,
  `extra_attributes` varchar(200) COLLATE utf8_unicode_ci NOT NULL,
  `menu_class` varchar(55) COLLATE utf8_unicode_ci NOT NULL,
  `parent_id` int(11) NOT NULL DEFAULT '0',
  `is_parent` tinyint(1) NOT NULL DEFAULT '0',
  `created_on` datetime NOT NULL,
  `created_by` bigint(20) NOT NULL,
  `updated_on` datetime NOT NULL,
  `updated_by` bigint(20) NOT NULL,
  `is_active` tinyint(4) NOT NULL,
  `is_delete` tinyint(4) NOT NULL,
  PRIMARY KEY (`id`),
  KEY `menu_group_id - normal` (`menu_group_id`)
) ENGINE=InnoDB  DEFAULT CHARSET=utf8 COLLATE=utf8_unicode_ci AUTO_INCREMENT=45 ;

--
-- Dumping data for table `sramcms_menus`
--

INSERT INTO `sramcms_menus` (`id`, `name`, `link_type`, `page_id`, `url`, `menu_group_id`, `position`, `target`, `extra_attributes`, `menu_class`, `parent_id`, `is_parent`, `created_on`, `created_by`, `updated_on`, `updated_by`, `is_active`, `is_delete`) VALUES
(1, 'About us', 'page', 1, '', 1, 0, '', 'test', 'menu_class', 0, 0, '2017-03-24 10:30:16', 1, '2017-03-24 11:45:16', 1, 0, 1),
(2, 'Corrections and Clarifications', 'page', 3, '', 1, 0, '', 'test', 'menu_class', 0, 0, '2017-03-24 10:30:30', 1, '2017-03-25 12:45:16', 1, 0, 1),
(3, 'Terms of Use and Disclaimer', 'page', 6, '', 1, 0, '', 'test', 'menu_class', 0, 0, '2017-03-24 10:32:23', 1, '2017-03-25 12:45:18', 1, 1, 1),
(4, 'About Us', 'page', 1, '', 1, 0, '_top', '', '', 0, 0, '2017-03-25 12:46:27', 1, '2017-03-25 13:47:05', 1, 1, 1),
(5, 'Corrections and Clarifications', 'page', 3, '', 1, 0, '_blank', '', '', 0, 0, '2017-03-25 12:46:54', 1, '2017-03-25 13:47:03', 1, 1, 1),
(6, 'Jobs', 'page', 5, '', 1, 0, '_top', '', '', 0, 0, '2017-03-25 12:47:10', 1, '2017-03-25 13:47:01', 1, 1, 1),
(7, 'Terms of Use and Disclaimer', 'page', 6, '', 1, 0, '_blank', '', '', 0, 0, '2017-03-25 12:47:26', 1, '2017-03-25 13:47:00', 1, 1, 1),
(8, 'Privacy Policy', 'page', 7, '', 1, 0, '_blank', '', '', 0, 0, '2017-03-25 12:47:43', 1, '2017-03-25 13:46:58', 1, 1, 1),
(9, 'About Us', 'page', 1, '', 7, 0, '_blank', '', '', 0, 0, '2017-03-25 12:48:05', 1, '2017-03-25 13:49:44', 1, 1, 1),
(10, 'Corrections and Clarifications', 'page', 3, '', 7, 0, '_blank', '', '', 0, 0, '2017-03-25 12:48:16', 1, '2017-03-25 13:49:46', 1, 1, 1),
(11, 'Jobs', 'page', 5, '', 7, 0, '_blank', '', '', 0, 0, '2017-03-25 12:48:26', 1, '2017-03-25 13:49:48', 1, 1, 1),
(12, 'Terms of Use and Disclaimer', 'page', 6, '', 7, 0, '_blank', '', '', 0, 0, '2017-03-25 12:48:40', 1, '2017-03-25 13:49:50', 1, 1, 1),
(13, 'Privacy Policy', 'page', 7, '', 7, 0, '_blank', '', '', 0, 0, '2017-03-25 12:48:54', 1, '2017-03-25 13:49:51', 1, 1, 1),
(14, 'Jeevanachary’s interview with a noted news channel about founding an old age home in Ranchi,Jharkhan', 'custom_link', 0, 'https://www.youtube.com/watch?v=syrttPQtHc4', 8, 0, '_blank', '', '', 0, 0, '2017-03-25 12:49:45', 1, '0000-00-00 00:00:00', 0, 1, 0),
(15, 'Jeevanacharya at Bharat Gaurav Achievement Award 2016', 'custom_link', 0, 'https://www.youtube.com/watch?v=p53Vj_76Khc', 8, 0, '_blank', '', '', 0, 0, '2017-03-25 12:50:10', 1, '0000-00-00 00:00:00', 0, 1, 0),
(16, 'Hyderabad press meet – 2016', 'custom_link', 0, 'https://www.youtube.com/watch?v=YJeI1aNT664', 8, 0, '_blank', '', '', 0, 0, '2017-03-25 12:50:32', 1, '0000-00-00 00:00:00', 0, 1, 0),
(17, 'About Us', 'page', 1, '', 1, 1, '_top', '', '', 0, 0, '2017-03-25 13:47:28', 1, '2017-05-18 10:24:18', 1, 1, 0),
(18, 'Way Of Life', 'page', 2, '', 1, 2, '_blank', '', '', 0, 0, '2017-03-25 13:47:38', 1, '2017-05-18 10:24:27', 1, 1, 0),
(19, 'Program', 'page', 3, 'http://jeevanacharya.com/program/', 1, 0, '_blank', '', '', 0, 0, '2017-03-25 13:47:53', 1, '2017-04-19 09:07:42', 1, 1, 1),
(20, 'Watch', 'page', 8, '', 1, 3, '_top', '', '', 0, 0, '2017-03-25 13:48:14', 1, '2017-05-18 10:25:18', 1, 0, 0),
(21, 'Gallery', 'page', 5, '', 1, 0, '_top', '', '', 0, 0, '2017-03-25 13:48:24', 1, '2017-04-19 09:26:21', 1, 1, 1),
(22, 'Ashram', 'page', 6, '', 1, 0, '_top', '', '', 0, 0, '2017-03-25 13:48:37', 1, '2017-04-19 09:26:35', 1, 1, 1),
(23, 'Contact us', 'page', 7, '', 1, 0, '_top', '', '', 0, 0, '2017-03-25 13:48:54', 1, '2017-04-19 09:26:03', 1, 1, 1),
(24, 'About Us', 'page', 1, '', 7, 0, '_top', '', '', 0, 0, '2017-03-25 13:50:46', 1, '0000-00-00 00:00:00', 0, 1, 0),
(25, 'Way Of Life', 'page', 2, '', 7, 0, '_top', '', '', 0, 0, '2017-03-25 13:51:17', 1, '0000-00-00 00:00:00', 0, 1, 0),
(26, 'Program', 'page', 3, 'http://jeevanacharya.com/program/', 7, 0, '_blank', '', '', 0, 0, '2017-03-25 13:51:28', 1, '2017-04-19 09:21:15', 1, 1, 0),
(27, 'Watch', 'page', 4, '', 7, 0, '_blank', '', '', 0, 0, '2017-03-25 13:54:06', 1, '2017-03-28 10:54:01', 1, 1, 1),
(28, 'Media', 'page', 5, '', 7, 0, '_blank', '', '', 0, 0, '2017-03-25 13:54:25', 1, '2017-03-28 10:54:03', 1, 1, 1),
(29, 'Ashiram', 'page', 6, '', 7, 0, '_top', '', '', 0, 0, '2017-03-25 13:54:36', 1, '2017-03-28 10:54:06', 1, 1, 1),
(30, 'Media', 'page', 5, '', 10, 0, '_blank', '', '', 0, 0, '2017-03-28 10:53:19', 1, '2017-04-18 14:01:58', 1, 1, 1),
(31, 'Contact us', 'page', 7, '', 10, 0, '_blank', '', '', 0, 0, '2017-03-28 10:53:32', 1, '2017-04-27 09:01:24', 1, 1, 1),
(32, 'Ashram', 'page', 6, '', 10, 0, '_blank', '', '', 0, 0, '2017-03-28 10:53:47', 1, '2017-03-31 04:38:44', 1, 1, 0),
(33, 'Blog', 'page', 11, '', 7, 0, '_top', '', '', 0, 0, '2017-04-07 14:24:17', 1, '0000-00-00 00:00:00', 0, 1, 0),
(34, 'Discourse', 'page', 12, '', 7, 0, '_top', '', '', 0, 0, '2017-04-18 13:55:31', 1, '0000-00-00 00:00:00', 0, 1, 0),
(35, 'Gallery', 'page', 5, '', 10, 0, '_top', '', '', 0, 0, '2017-04-18 14:02:44', 1, '0000-00-00 00:00:00', 0, 1, 0),
(36, 'Program', 'page', 3, '', 1, 0, '_blank', '', '', 0, 0, '2017-04-19 09:09:19', 1, '2017-04-19 09:26:09', 1, 1, 1),
(37, 'Program', 'page', 3, '', 1, 3, '_top', '', '', 0, 0, '2017-04-19 09:27:11', 1, '2017-05-18 10:26:42', 1, 1, 0),
(38, 'Gallery', 'page', 5, '', 1, 4, '_top', '', '', 0, 0, '2017-04-19 09:28:11', 1, '2017-05-18 10:26:52', 1, 1, 0),
(39, 'Ashram', 'page', 6, '', 1, 6, '_top', '', '', 0, 0, '2017-04-19 09:29:22', 1, '2017-05-18 10:27:09', 1, 1, 0),
(40, 'Contact us', 'page', 7, '', 1, 0, '_top', '', '', 0, 0, '2017-04-19 09:30:32', 1, '2017-04-27 09:02:03', 1, 1, 1),
(41, 'Contact', 'page', 7, '', 10, 0, '_top', '', '', 0, 0, '2017-04-27 09:01:49', 1, '0000-00-00 00:00:00', 0, 1, 0),
(42, 'Contact', 'page', 7, '', 1, 7, '_top', '', '', 0, 0, '2017-04-27 09:02:17', 1, '2017-05-18 10:27:16', 1, 1, 0),
(43, 'Privacy Policy', 'page', 14, '', 7, 0, '', '', '', 0, 0, '2017-05-13 10:07:22', 1, '0000-00-00 00:00:00', 0, 1, 0),
(44, 'Deeksha', 'page', 15, '', 1, 5, '_top', '', 'deeksha', 0, 0, '2017-05-13 13:07:25', 1, '2017-05-18 10:27:23', 1, 1, 0);

-- --------------------------------------------------------

--
-- Table structure for table `sramcms_menu_groups`
--

CREATE TABLE IF NOT EXISTS `sramcms_menu_groups` (
  `id` int(11) NOT NULL AUTO_INCREMENT,
  `title` varchar(50) COLLATE utf8_unicode_ci NOT NULL,
  `slug` varchar(100) COLLATE utf8_unicode_ci NOT NULL,
  `abbreviation` varchar(255) COLLATE utf8_unicode_ci NOT NULL,
  `created_on` datetime NOT NULL,
  `updated_on` datetime NOT NULL,
  `created_by` bigint(20) NOT NULL,
  `updated_by` bigint(20) NOT NULL,
  `is_active` tinyint(4) NOT NULL,
  `is_delete` tinyint(4) NOT NULL,
  PRIMARY KEY (`id`)
) ENGINE=InnoDB  DEFAULT CHARSET=utf8 COLLATE=utf8_unicode_ci COMMENT='Navigation groupings. Eg, header, sidebar, footer, etc' AUTO_INCREMENT=11 ;

--
-- Dumping data for table `sramcms_menu_groups`
--

INSERT INTO `sramcms_menu_groups` (`id`, `title`, `slug`, `abbreviation`, `created_on`, `updated_on`, `created_by`, `updated_by`, `is_active`, `is_delete`) VALUES
(1, 'Header Menu', 'header-menu', '', '2017-02-24 11:49:23', '2017-03-24 11:27:31', 1, 1, 1, 0),
(7, 'Footer Menu', 'footer-menu', '', '2017-03-24 10:34:40', '2017-03-24 10:38:46', 1, 1, 1, 0),
(8, 'Latest Update Menu', 'latest-update-menu', '', '2017-03-24 11:26:28', '2017-03-25 11:55:09', 1, 1, 1, 0),
(9, 'Header Desktop Menu', 'header-desktop-menu', '', '2017-03-25 13:49:24', '2017-03-25 13:49:39', 1, 1, 1, 1),
(10, 'Category', 'category', '', '2017-03-28 10:52:52', '0000-00-00 00:00:00', 1, 0, 1, 0);

-- --------------------------------------------------------

--
-- Table structure for table `sramcms_newsletter`
--

CREATE TABLE IF NOT EXISTS `sramcms_newsletter` (
  `id` int(11) NOT NULL AUTO_INCREMENT,
  `first_name` varchar(250) NOT NULL,
  `last_name` varchar(100) NOT NULL,
  `email` varchar(250) NOT NULL,
  `activation_code` text NOT NULL,
  `status` tinyint(4) NOT NULL,
  `is_active` tinyint(4) NOT NULL,
  `is_delete` tinyint(4) NOT NULL,
  `created` datetime NOT NULL,
  PRIMARY KEY (`id`)
) ENGINE=InnoDB  DEFAULT CHARSET=latin1 AUTO_INCREMENT=25 ;

--
-- Dumping data for table `sramcms_newsletter`
--

INSERT INTO `sramcms_newsletter` (`id`, `first_name`, `last_name`, `email`, `activation_code`, `status`, `is_active`, `is_delete`, `created`) VALUES
(1, 'ananthan', 'kumar', 'ananthan@srammram.com', 'a6d154082dd0d3398bce5e41d8fffc27', 1, 1, 0, '2017-04-18 12:14:26'),
(3, 'Thiyaga', '', 'thiyaga@n-sharp.com', 'f398224e24c5b84716997e6e4b4ae0b2', 1, 1, 0, '2017-03-31 04:25:40'),
(4, 'velmurugan', '', 'velb@srammram.com', '044a5477e976b59dab0c53bfbcf56ddb', 0, 1, 0, '2017-03-31 11:35:51'),
(5, 'Rahman', '', 'uma@srammram.com', 'a369a805c61db63ec378033c1f63ff68', 1, 1, 0, '2017-04-01 12:25:09'),
(6, 'Test', '', 'test@gmail.com', '16d47001a8b03a467607f46ad18633f7', 1, 1, 0, '2017-04-01 12:29:17'),
(7, 'Mohamed', '', 'mdsadam69@gmail.com', '04b5e2e7be0c6506882c94d0df96cf39', 1, 1, 0, '2017-04-01 13:33:11'),
(8, 'Sadam', '', 'mdsadam69+1@gmail.com', '72b0840cab1b883a98b919cf5ec97a49', 1, 1, 0, '2017-04-01 13:35:20'),
(9, 'Ibramsha', '', 'mdibram89+1@gmail.com', 'c147a25d6053774834d871ad4e8e24c4', 0, 1, 0, '2017-04-01 13:54:24'),
(10, 'Ibramsha', '', 'mdibram89+3@gmail.com', '2f3301462afcb3009f1263ff18155885', 0, 1, 0, '2017-04-01 13:58:34'),
(11, 'Ibramsha', '', 'mdibram89@gmail.com', 'f18eb2b2a9011f2404040b998cd2d8d1', 1, 1, 0, '2017-04-04 13:42:05'),
(12, 'kannan', '', 'r.kannan@hotmail.com', 'e65185ac7037d8ec21b3defdb255679d', 1, 1, 0, '2017-04-04 04:18:39'),
(13, 'Nandan jha', '', 'nandaninfo07@gmail.com', 'ccbba0c44162088bfe2457740c411420', 1, 1, 0, '2017-04-04 04:49:36'),
(14, 'Abhay', '', 'a1967m@gmail.com', '3db242227bc6b39049e9af1b236576a0', 1, 1, 0, '2017-04-04 04:58:00'),
(15, 'dgfg', '', 'fedefds@fgrg.com', 'db3e29ae2215447f3364db2fb7c789a1', 1, 1, 0, '2017-04-04 08:52:33'),
(16, 'asdasd', 'asdasd', 'asdasdasd@gmail.com', '76e6c3ec3a8a754a3c2c57a335fc8af8', 1, 1, 0, '2017-04-08 11:08:04'),
(17, 'asdasd', 'asdasdasd', 'asdasd@gmail.coom', '33e0f7a67e22fa9b7e502c559ed7b296', 1, 1, 0, '2017-04-08 11:05:32'),
(18, 'asdasd', 'asdasdasd', 'asdasd@gmaill.com', 'cb2c36e616223a3f949fa0c9f2137f6e', 1, 1, 0, '2017-04-08 11:06:13'),
(19, 'asdasdasd', 'asdasdasd', 'asdasd@gmail.com', '6568bcff1f0574e8178c94c120a929f7', 1, 1, 0, '2017-04-08 11:07:37'),
(20, 'asdasdasd', 'asdasdasd', 'asdasdasdasd@gmail.com', '26aef36e18aca753868f997968f4e78b', 1, 1, 0, '2017-04-08 11:17:16'),
(21, 'Mani', 'Ramaiya', 'ramaiyamani@gmail.com', 'df7c85ea17b67276e1d3871382d1e3f5', 0, 1, 0, '2017-04-10 07:22:57'),
(22, 'Uma', 'uma', 'uma5364@gmail.com', 'b73b533b0b8d1bba7109680e6174f116', 1, 1, 0, '2017-04-10 07:20:00'),
(23, 'Jayant singh', 'Bundel', 'Jayantsinghjudeo@gmail.com', '5cf98f841166ed0a7a295ef02260c724', 1, 1, 0, '2017-05-13 09:23:35'),
(24, 'Chandan', 'Sharma', 'logistics.chandan@gmail.com', 'aa57f2338b6508efbc1dfd31d293afe0', 1, 1, 0, '2017-05-13 11:21:00');

-- --------------------------------------------------------

--
-- Table structure for table `sramcms_photo_oftheday`
--

CREATE TABLE IF NOT EXISTS `sramcms_photo_oftheday` (
  `id` bigint(20) NOT NULL AUTO_INCREMENT,
  `title` varchar(255) NOT NULL,
  `description` mediumtext NOT NULL,
  `date` date NOT NULL,
  `image` mediumtext NOT NULL,
  `created_on` datetime NOT NULL,
  `created_ip` varchar(50) NOT NULL,
  `created_by` bigint(20) NOT NULL,
  `updated_on` datetime NOT NULL,
  `updated_ip` varchar(50) NOT NULL,
  `updated_by` bigint(20) NOT NULL,
  `is_active` tinyint(4) NOT NULL,
  `is_delete` tinyint(4) NOT NULL,
  PRIMARY KEY (`id`)
) ENGINE=InnoDB  DEFAULT CHARSET=latin1 AUTO_INCREMENT=17 ;

--
-- Dumping data for table `sramcms_photo_oftheday`
--

INSERT INTO `sramcms_photo_oftheday` (`id`, `title`, `description`, `date`, `image`, `created_on`, `created_ip`, `created_by`, `updated_on`, `updated_ip`, `updated_by`, `is_active`, `is_delete`) VALUES
(1, 'About Earth', 'Earth is a big magnet that revolves around the sun and has pronouncing magnetic and gravitational force which in turn has notable effects on anything and everything on it, both non-living and living.', '2017-03-31', '{"files":["photooftheday\\/media\\/2017\\/03\\/guru1_1490705866_1490892938.png"]}', '2017-03-30 18:55:40', '::1', 1, '0000-00-00 00:00:00', '', 0, 1, 0),
(2, 'Jeevancharya - Latest Photos', 'Jeevancharya - Latest Photos', '2017-03-31', '{"files":["photooftheday\\/media\\/2017\\/03\\/WhatsApp_Image_2017-03-31_at_045720_1490935382.jpeg"]}', '2017-03-31 04:43:04', '49.206.113.9', 1, '0000-00-00 00:00:00', '', 0, 1, 0),
(3, 'jeevanacharya-photo', 'jeevanacharya-photo', '2017-04-08', '{"files":["photooftheday\\/media\\/2017\\/04\\/jeevanacharya-photo_1491631984.jpeg"]}', '2017-04-08 06:13:12', '210.18.162.39', 1, '0000-00-00 00:00:00', '', 0, 1, 0),
(4, 'Todays Thoughts', 'Todays Thoughts', '2017-04-09', '{"files":["photooftheday\\/media\\/2017\\/04\\/Todays_thought_1491720560.jpeg"]}', '2017-04-09 06:49:22', '210.18.170.100', 1, '2017-04-09 06:49:31', '', 0, 1, 0),
(5, 'Message of the day', 'Message of the day', '2017-04-10', '{"files":["photooftheday\\/media\\/2017\\/04\\/jeevanacharya_1491829553.jpeg"]}', '2017-04-10 13:05:56', '210.18.149.151', 1, '0000-00-00 00:00:00', '', 0, 1, 0),
(6, 'Jeevanacharya photo', 'Jeevanacharya photo', '2017-04-11', '{"files":["photooftheday\\/media\\/2017\\/04\\/jeevanacharya_1491900303.jpeg"]}', '2017-04-11 08:45:14', '210.18.173.124', 1, '0000-00-00 00:00:00', '', 0, 1, 0),
(7, 'Jeevanacharya photo', 'Jeevanacharya photo', '2017-04-12', '{"files":["photooftheday\\/media\\/2017\\/04\\/jeevanacharya_photo_1491972830.jpeg"]}', '2017-04-12 04:53:53', '210.18.175.98', 1, '0000-00-00 00:00:00', '', 0, 1, 0),
(8, 'Jeevanacharya Message of the day', 'Jeevanacharya Message of the day', '2017-04-13', '{"files":["photooftheday\\/media\\/2017\\/04\\/latest_photo_1492060401.jpeg"]}', '2017-04-13 05:13:38', '210.18.163.50', 1, '0000-00-00 00:00:00', '', 0, 1, 0),
(9, 'jeevanacharya photo', 'jeevanacharya photo', '2017-04-15', '{"files":["photooftheday\\/media\\/2017\\/04\\/jeevanacharya-photo_1492231798.jpeg"]}', '2017-04-15 04:50:37', '49.206.117.229', 1, '0000-00-00 00:00:00', '', 0, 1, 0),
(10, 'jeevanacharya message of the day', 'jeevanacharya message of the day', '2017-04-17', '{"files":["photooftheday\\/media\\/2017\\/04\\/latest-photo_1492405070.jpeg"]}', '2017-04-17 04:57:59', '49.207.185.240', 1, '0000-00-00 00:00:00', '', 0, 1, 0),
(11, 'Jeevanacharya Message of the day', 'Jeevanacharya Message of the day', '2017-04-18', '{"files":["photooftheday\\/media\\/2017\\/04\\/jeevan-photo_1492492246.jpeg"]}', '2017-04-18 05:11:05', '49.207.185.240', 1, '0000-00-00 00:00:00', '', 0, 1, 0),
(12, 'Jeevanacharya Message of the day', 'Jeevanacharya Message of the day', '2017-04-19', '{"files":["photooftheday\\/media\\/2017\\/04\\/jeevanacharya-photo_1492577386.jpeg"]}', '2017-04-19 04:49:50', '210.18.173.254', 1, '0000-00-00 00:00:00', '', 0, 1, 0),
(13, 'jeevanacharya message of the day', 'jeevanacharya message of the day', '2017-04-22', '{"files":["photooftheday\\/media\\/2017\\/04\\/saturday-jeevan_1493008366.jpeg"]}', '2017-04-24 04:32:49', '210.18.172.177', 1, '0000-00-00 00:00:00', '', 0, 1, 0),
(14, 'jeevanacharya blessing of the day', 'jeevanacharya blessing of the day', '2017-04-23', '{"files":["photooftheday\\/media\\/2017\\/04\\/sunday-jeeavn_1493008513.jpeg"]}', '2017-04-24 04:35:19', '210.18.172.177', 1, '0000-00-00 00:00:00', '', 0, 1, 0),
(15, 'jeevanacharya photo of the day', 'jeevanacharya photo of the day', '2017-04-24', '{"files":["photooftheday\\/media\\/2017\\/04\\/monday-jeevanacharya_1493008566.jpeg"]}', '2017-04-24 04:36:08', '210.18.172.177', 1, '0000-00-00 00:00:00', '', 0, 1, 0),
(16, 'jeevanacharya_message_of_the_day-01', 'jeevanacharya_message_of_the_day-01', '2017-04-26', '{"files":["photooftheday\\/media\\/2017\\/05\\/jeevanacharya_message_of_the_day-01_1494592538.jpg"]}', '2017-04-26 05:01:56', '210.18.173.160', 1, '2017-05-12 12:35:55', '49.207.187.62', 1, 1, 0);

-- --------------------------------------------------------

--
-- Table structure for table `sramcms_routeplan`
--

CREATE TABLE IF NOT EXISTS `sramcms_routeplan` (
  `id` bigint(20) NOT NULL AUTO_INCREMENT,
  `start_date` date NOT NULL,
  `map_id` varchar(300) NOT NULL,
  `end_date` date NOT NULL,
  `trip_name` varchar(255) NOT NULL,
  `description` text NOT NULL,
  `image` text NOT NULL,
  `destinations` text NOT NULL,
  `plan_details` text NOT NULL,
  `available_date` date NOT NULL,
  `available_location` varchar(100) NOT NULL,
  `type` varchar(200) NOT NULL,
  `avoidHighways` varchar(200) NOT NULL,
  `avoidTolls` varchar(200) NOT NULL,
  `created_on` datetime NOT NULL,
  `created_ip` varchar(100) NOT NULL,
  `created_by` bigint(20) NOT NULL,
  `updated_on` datetime NOT NULL,
  `updated_ip` varchar(100) NOT NULL,
  `updated_by` bigint(20) NOT NULL,
  `is_active` tinyint(4) NOT NULL,
  `is_visible` tinyint(4) NOT NULL COMMENT '1 - Visible, 0 - Not Visible',
  `is_reschedule` tinyint(4) NOT NULL COMMENT '0-Unreschedule, 1-reschdule',
  `is_delete` tinyint(4) NOT NULL,
  PRIMARY KEY (`id`)
) ENGINE=InnoDB  DEFAULT CHARSET=latin1 AUTO_INCREMENT=11 ;

--
-- Dumping data for table `sramcms_routeplan`
--

INSERT INTO `sramcms_routeplan` (`id`, `start_date`, `map_id`, `end_date`, `trip_name`, `description`, `image`, `destinations`, `plan_details`, `available_date`, `available_location`, `type`, `avoidHighways`, `avoidTolls`, `created_on`, `created_ip`, `created_by`, `updated_on`, `updated_ip`, `updated_by`, `is_active`, `is_visible`, `is_reschedule`, `is_delete`) VALUES
(1, '2017-04-07', '8b4ezj3t1uuxx5lpf7z1', '2017-04-12', 'Jakarta', 'For jakartha convention', '', 'Chhatrapati Shivaji International Airport Area, Vile Parle, Mumbai, Maharashtra, India|*|Jakarta, Kec. Tangerang, Kota Tangerang, Banten 19120, Indonesia', 'Chhatrapati Shivaji International Airport Area, Vile Parle, Mumbai, Maharashtra, India - Jakarta, Kec. Tangerang, Kota Tangerang, Banten 19120, Indonesia', '0000-00-00', '', 'directions', '0', '1', '2017-04-10 06:40:41', '210.18.148.245', 1, '0000-00-00 00:00:00', '', 0, 1, 1, 0, 0),
(2, '2017-04-13', 'euh6ru24pe4i1bpprwg5', '2017-04-16', 'Bahrain', 'For Bahrin Convention', '', 'Jakarta, Indonesia|*|Muharraq, Bahrain', 'Jakarta, Indonesia - Muharraq, Bahrain', '0000-00-00', '', 'directions', '0', '0', '2017-04-10 06:39:56', '210.18.148.245', 1, '0000-00-00 00:00:00', '', 0, 1, 1, 0, 0),
(3, '2017-04-21', 'hbeu3culg4ca4jfy2dav', '2017-04-25', 'Dubai,Bangkok', 'For bangkok convention', '', 'Dubai - United Arab Emirates|*|bangkok', 'Dubai - United Arab Emirates - bangkok', '0000-00-00', '', 'directions', '0', '0', '2017-04-11 12:32:29', '210.18.172.201', 1, '0000-00-00 00:00:00', '', 0, 1, 1, 0, 0),
(4, '2017-04-25', '74l50gea1ppu7dfn8zis', '2017-04-30', 'Kuala Lumpur, Malaysia', 'For Malaysia Convention', '', 'Bangkok, Thailand|*|Menara Berkembar Petronas, Kuala Lumpur City Centre, 50088 Kuala Lumpur, Wilayah Persekutuan Kuala Lumpur, Malaysia', 'Bangkok, Thailand - Menara Berkembar Petronas, Kuala Lumpur City Centre, 50088 Kuala Lumpur, Wilayah Persekutuan Kuala Lumpur, Malaysia', '0000-00-00', '', 'directions', '0', '0', '2017-04-05 05:50:26', '210.18.144.237', 1, '2017-04-18 05:03:35', '49.207.185.240', 1, 1, 1, 0, 0),
(5, '2017-05-09', 'wyy5qfk1aiglf4y1zpeq', '2017-05-12', 'Zurich, Switzerland', 'For Switzerland Convention', '', 'Kuala Lumpur, Federal Territory of Kuala Lumpur, Malaysia|*|zurich', 'Kuala Lumpur, Federal Territory of Kuala Lumpur, Malaysia - zurich', '0000-00-00', '', 'directions', '0', '1', '2017-04-05 05:49:01', '210.18.144.237', 1, '2017-04-04 15:25:22', '210.18.163.133', 1, 1, 1, 1, 0),
(6, '2017-04-20', 'tnbcjb9c40vl6jnai8po', '2017-04-27', 'New Route Plan', 'New Route Plan', '', 'Karaikudi, Tamil Nadu, India|*|Madurai, Tamil Nadu, India', 'Karaikudi, Tamil Nadu, India - Madurai, Tamil Nadu, India', '0000-00-00', '', 'directions', '0', '0', '2017-04-04 15:15:18', '210.18.163.133', 1, '2017-04-07 09:25:00', '', 1, 1, 0, 0, 1),
(7, '2017-04-16', 'mflnanassmt0rxskj4wu', '2017-04-20', 'Dubai', 'For Dubai Convertion', '', 'Muharraq, Bahrain|*|Dubai - United Arab Emirates', 'Muharraq, Bahrain - Dubai - United Arab Emirates', '0000-00-00', '', 'directions', '0', '0', '2017-04-10 06:40:50', '210.18.148.245', 1, '0000-00-00 00:00:00', '', 0, 1, 1, 0, 0),
(9, '2017-05-11', 'eo0u08aoqeindbggxunr', '2017-05-12', 'testroute', 'test', '', 'Kanyakumari, Tamil Nadu, India|*|Chennai, Tamil Nadu, India|*|Delhi, India', 'Kanyakumari, Tamil Nadu, India-Chennai, Tamil Nadu, India-Delhi, India', '0000-00-00', '', 'directions', '', '', '2017-05-11 13:12:02', '49.207.187.62', 3, '2017-05-11 13:15:07', '', 1, 1, 1, 0, 0),
(10, '2017-05-12', 'up9ini717fuypqtqnvc4', '2017-05-19', 'myanmar', 'Myanmar aathmika Sasha inauguration', '', 'Bahrain International Airport, Muharraq, Bahrain|*|Yangon Region, Myanmar (Burma)', 'Bahrain International Airport, Muharraq, Bahrain-Yangon Region, Myanmar (Burma)', '0000-00-00', '', 'directions', '', '', '2017-05-12 05:09:12', '210.18.173.32', 1, '0000-00-00 00:00:00', '', 0, 1, 1, 0, 0);

-- --------------------------------------------------------

--
-- Table structure for table `sramcms_site_setting`
--

CREATE TABLE IF NOT EXISTS `sramcms_site_setting` (
  `setting_id` int(11) NOT NULL AUTO_INCREMENT,
  `setting_key` varchar(55) NOT NULL,
  `setting_value` text NOT NULL,
  `setting_modify_date` datetime NOT NULL,
  PRIMARY KEY (`setting_id`)
) ENGINE=InnoDB  DEFAULT CHARSET=latin1 AUTO_INCREMENT=12 ;

--
-- Dumping data for table `sramcms_site_setting`
--

INSERT INTO `sramcms_site_setting` (`setting_id`, `setting_key`, `setting_value`, `setting_modify_date`) VALUES
(1, 'mail_from_name', 'jeevanacharya.com', '2017-03-24 07:42:32'),
(2, 'from_email', 'admin@jeevanacharya.com', '2017-03-24 07:42:32'),
(3, 'to_email', 'admin@jeevanacharya.com', '2017-03-24 07:42:32'),
(4, 'mail_subject', 'Welcome jeevanacharya.com', '2017-03-24 07:42:32'),
(5, 'email_template', 'Welcome jeevanacharya.com', '2017-03-24 07:42:32'),
(6, 'login_points', 'sdasd', '2017-03-24 07:42:32'),
(7, 'new_user_points', 'asdasd', '2017-03-24 07:42:32'),
(8, 'referral_points', 'asdasd', '2017-03-24 07:42:32'),
(9, 'referred_user_register_points', 'asdasd', '2017-03-24 07:42:32'),
(10, 'submit', 'Submit', '2017-03-24 07:42:32'),
(11, 'action', 'settings', '2017-03-24 07:42:32');

-- --------------------------------------------------------

--
-- Table structure for table `sramcms_sms_templates`
--

CREATE TABLE IF NOT EXISTS `sramcms_sms_templates` (
  `id` int(11) unsigned NOT NULL AUTO_INCREMENT,
  `created` datetime NOT NULL,
  `modified` datetime NOT NULL,
  `name` varchar(255) COLLATE utf8_unicode_ci NOT NULL,
  `slug` text COLLATE utf8_unicode_ci NOT NULL,
  `sms_content` text COLLATE utf8_unicode_ci,
  `sms_variables` varchar(1000) COLLATE utf8_unicode_ci DEFAULT NULL,
  `is_active` tinyint(1) NOT NULL DEFAULT '1',
  `is_delete` tinyint(1) NOT NULL,
  PRIMARY KEY (`id`)
) ENGINE=MyISAM  DEFAULT CHARSET=utf8 COLLATE=utf8_unicode_ci COMMENT='Site Sms Templates' AUTO_INCREMENT=3 ;

--
-- Dumping data for table `sramcms_sms_templates`
--

INSERT INTO `sramcms_sms_templates` (`id`, `created`, `modified`, `name`, `slug`, `sms_content`, `sms_variables`, `is_active`, `is_delete`) VALUES
(1, '2017-05-04 07:22:12', '2017-05-04 07:24:21', 'Reset Password Sms', 'reset-password-sms', 'Your One Time Password (OTP) For Reset Password [MOBILE_OTP]', '[MOBILE_OTP]', 1, 0),
(2, '2017-05-04 08:08:12', '0000-00-00 00:00:00', 'Resend OTP Sms', 'resend-otp-sms', 'Elect TV Resend sms otp code : [MOBILE_OTP]', '[MOBILE_OTP]', 1, 0);

-- --------------------------------------------------------

--
-- Table structure for table `sramcms_users`
--

CREATE TABLE IF NOT EXISTS `sramcms_users` (
  `user_id` bigint(20) NOT NULL,
  `user_name` varchar(155) DEFAULT NULL,
  `user_username` varchar(255) DEFAULT NULL,
  `user_password` varchar(255) DEFAULT NULL,
  `user_email_address` varchar(255) DEFAULT NULL,
  `user_referral_id` varchar(255) DEFAULT NULL,
  `user_company_name` varchar(255) DEFAULT NULL,
  `user_address_line1` varchar(255) DEFAULT NULL,
  `user_address_line2` varchar(255) DEFAULT NULL,
  `user_postal_code` varchar(255) DEFAULT NULL,
  `user_info` text,
  `user_date_format` varchar(20) DEFAULT NULL,
  `user_profile_image` varchar(100) DEFAULT NULL,
  `user_credit_points` int(11) NOT NULL,
  `user_referred_by` int(11) DEFAULT NULL,
  `user_folder_name` varchar(50) DEFAULT NULL,
  `user_brand_enable` tinyint(1) NOT NULL DEFAULT '0',
  `user_beacon_enable` tinyint(1) NOT NULL DEFAULT '0',
  `user_loyality_enable` tinyint(1) NOT NULL DEFAULT '0',
  `user_gift_enable` tinyint(1) NOT NULL DEFAULT '0',
  `user_whishlist_enable` tinyint(1) NOT NULL DEFAULT '0',
  `user_status` enum('A','I','D') NOT NULL DEFAULT 'I' COMMENT 'A-active, I- Inactive, D-Deleted',
  `user_created_on` datetime DEFAULT NULL,
  `user_created_ip` varchar(20) DEFAULT NULL,
  `user_updated_by` int(11) NOT NULL,
  `user_updated_on` datetime DEFAULT NULL,
  `user_updated_ip` varchar(20) DEFAULT NULL
) ENGINE=InnoDB DEFAULT CHARSET=latin1;

--
-- Dumping data for table `sramcms_users`
--

INSERT INTO `sramcms_users` (`user_id`, `user_name`, `user_username`, `user_password`, `user_email_address`, `user_referral_id`, `user_company_name`, `user_address_line1`, `user_address_line2`, `user_postal_code`, `user_info`, `user_date_format`, `user_profile_image`, `user_credit_points`, `user_referred_by`, `user_folder_name`, `user_brand_enable`, `user_beacon_enable`, `user_loyality_enable`, `user_gift_enable`, `user_whishlist_enable`, `user_status`, `user_created_on`, `user_created_ip`, `user_updated_by`, `user_updated_on`, `user_updated_ip`) VALUES
(32, 'mytest', 'mytest', '$2a$08$sACiqFX310nbuaLp6nfuFugrqOPRzM5VzWzVUoK1cr.T.y93ufuTu', 'mytest@gmail.com', '4F6C07F2', NULL, NULL, NULL, NULL, 'I am a Php developer', NULL, 'xCVglnYctXfkPHpJvNFK9AE16shwO5Gz87ToS4IuaZMWiLDd2r.jpg', 170, 0, 'f0Zkx1BMgqFRLG2O4uzTDltmHUEeWwa76cSVs5NyPhjn9KpIJA', 0, 0, 0, 0, 0, 'A', '2016-03-06 18:29:43', '1.39.60.147', 1, '2016-03-06 19:52:32', '1.39.60.147'),
(33, 'Subhash Raj', 'subhash', '$2a$08$TH0ZajfTLnjZBgCM5US/hujrqbItbPwrI01fkNWa/iHYfGXdgh.r.', 'tksubhashraj14@gmail.com', '5A5CA5DB', NULL, NULL, NULL, NULL, 'I am webdeveloper', NULL, 'WQ0H95ACu2qjyvgFRxL3KmesMtcDwaENdP1k8pIh6BlXOfGozZ.jpg', 80, 32, 'iSObeVLjgmT3ZGD9dqaPHMfCBkh5cyRznAJE0ItUvWQNw61rYo', 0, 0, 0, 0, 0, 'D', '2016-03-06 18:56:59', '1.39.60.147', 1, '2016-03-06 19:47:22', '1.39.60.147'),
(34, 'Test', 'tester', '$2a$08$DugIeYKxISG58iteGW4r/O1Eunj42jZrHhNHTK4TN3vh/VobrEZya', 'ain@justmobileinc.com', '8A424551', NULL, NULL, NULL, NULL, '', NULL, '', 100, 0, 'PmlSYpx9BMDq8jL5kbNaTzowG4i0KRVXhJOCF3dv7eAcr6UtsE', 0, 0, 0, 0, 0, 'A', '2016-03-06 20:02:37', '175.136.214.244', 1, '2016-11-09 06:13:39', '::1'),
(35, 'tester 2', 'tester2', '$2a$08$cHgVMvH2NcbYQTiZdftxqOWUbD7KoFf9tEk/Tfsix3FYBJyS1gZva', 'test@justmobileinc.com', '7FCF5F25', NULL, NULL, NULL, NULL, '', NULL, '', 50, 34, '4r5cQAa9qef6THyFv1mdNuRCpZxDOitYn8PsLjKhwoXIB7Vl20', 0, 0, 0, 0, 0, 'A', '2016-03-06 20:07:06', '175.136.214.244', 1, '2016-11-09 06:13:39', '::1'),
(36, 'vijayabharathi', 'bharathi', '$2a$08$DN0bYqz2kflnH/VUnO3QOutgthGVpGmlXPY2M9qWposBnf2M461Am', 'vijayabharathi91@gmail.com', '6DEFCE97', NULL, NULL, NULL, NULL, 'No one is going to hand me success. I must go out & get it myself.', NULL, 'iem904NfIKQs8tSB6p31WFYqJZGVbruLxOavzClw7jnoycHghR.jpg', 50, 0, 'vpu4TkHc02lnJM6ejqZULDXV3WmryOs1hoSG9xQPEFbRNBfA8I', 0, 0, 0, 0, 0, 'D', '2016-03-06 23:28:30', '122.174.182.118', 1, '2016-11-09 06:13:39', '::1'),
(37, 'Burhan', 'Khalib', '$2a$08$LKfkiW5Lb7yxG2/5VA0kqOUBfOqYrTkqDxXAq1aVkFuqMOESlH8pW', 'burhan@fanxt.com', '1F563298', NULL, NULL, NULL, NULL, 'great', NULL, 'J43rzDb8gPNivcwhI9TjA7fXy6toOR201EQlqVnapULZYsdWCM.png', 50, 0, 'thLGA0yFS91olVxs5KMOHY2fWm6vJqXaZTjpriezPEgBNdw7DC', 0, 0, 0, 0, 0, 'A', '2016-03-07 18:17:35', '175.136.214.244', 1, '2016-11-09 06:13:39', '::1'),
(38, 'subhash', 'subhashraj', '$2a$08$SHcm9nAIX6.V5ObHdYRiseAzPI.emCJ.x4S16LiGVp6gIHvmSWUPi', 'tksubhashraj124@gmail.com', 'EE067168', NULL, NULL, NULL, NULL, '', NULL, 'huEw69735pBVySLCZjdleosMFTnX1N2cQJfbYqOmvRG0iUgWK8.jpg', 140, 0, '0tgjhFdacrZTemfsHnQEAX9NvMGzYIbSB7kPRJ6i1LD2l5pWoV', 0, 0, 0, 0, 0, 'D', '2016-04-07 04:23:55', '14.140.167.94', 1, '2016-11-09 06:13:39', '::1');

/*!40101 SET CHARACTER_SET_CLIENT=@OLD_CHARACTER_SET_CLIENT */;
/*!40101 SET CHARACTER_SET_RESULTS=@OLD_CHARACTER_SET_RESULTS */;
/*!40101 SET COLLATION_CONNECTION=@OLD_COLLATION_CONNECTION */;
